username,location,tweet_text,created_at,retweets,likes,language
massageportal24,Basel Schweiz,Massageportal24 Anbieter Eintrag erstellen usw,2025-01-09 18:33:23+00:00,0,0,de
ChantalStadelm1,"Luzern, Schweiz",Schtzt eure haltet euch konsequent von jeglichen lebensgefhrlichen der WHO SwissmedicBAG fern KarlLauterbach Sie gehren in den Knast fr ihre und SHomburg RealWsiegrist,2025-01-09 17:49:15+00:00,0,1,de
berlinerzeitung,"Berlin, Deutschland",Adipositas tdliche Prionenkrankheiten Hitzestress Mangelernhrung Forscher wollen vielfltige gesundheitliche Bedrohungen bekmpfen Diese elf klinischen Studien knnten 2025 die Medizin prgen,2025-01-09 17:02:00+00:00,0,4,de
pp_gesundheit,no_location,DIOSynVax grndet neues Beratungsgremium um die klinische Entwicklung seiner NextGenImpfstoffe gegen Grippeerkrankungen einschlielich Vogelgrippe voranzutreiben via presseportalch,2025-01-09 16:34:33+00:00,0,0,de
MichaPfahl,Germany,Gesundheitsfachkrfte Tauchen Sie in die Welt der TraumaYogatherapie ein und entdecken Sie wie Yoga und Traumatherapie zusammenarbeiten knnen um Heilung und Wohlbefinden zu frdern,2025-01-09 16:31:42+00:00,0,0,de
BeobachterRat,Z√ºrich,CBDProdukte mit Risiken Wiederverkauf in der Schweiz verboten,2025-01-09 16:00:04+00:00,0,0,de
ArkanumSolution,no_location,Rezept fr dauerhaftes krperliches geistiges und seelisches Wohlbefinden,2025-01-09 15:39:18+00:00,0,0,de
wn24aktuell,"Wiener Neustadt, √ñsterreich",Wiener Neustadt Kostenlose Beratung fr sehbeeintrchtigte Menschen Angebot der Hilfsgemeinschaft der Blinden und Sehschwachen sterreichs,2025-01-09 15:12:42+00:00,0,0,de
aktiennews_com,"Frankfurt, Hesse",Sind wir wirklich Weltmeister im Krankmachen Studie zeigt berraschende Ursachen fr Rekordzahlen,2025-01-09 15:00:28+00:00,0,0,de
TeenaAusM,no_location,Umweltbewusstsein als Strke Wusstet ihr dass faire Produktion nicht nur die Natur schtzt sondern auch die Gesundheit unserer Kinder Lasst uns die Verantwortung fr unsere Zukunft bernehmen,2025-01-09 14:51:08+00:00,0,1,de
a_lensen,no_location,amp Wissenschaft frdern die Gesundheit von und,2025-01-09 14:17:27+00:00,0,0,de
ua_nachrichten,"Kiew, Ukraine",Klitschko besuchte das Titanium Rehabilitationszentrum und trainierte verwundete Soldaten,2025-01-09 14:06:12+00:00,0,0,de
Neue_Kosmetik,no_location,Klares Trinkwasser ist der Schlssel zu Gesundheit und Wohlbefinden Ein guter Wasserfilter sorgt dafr dass das Wasser rein bleibt und voller Nhrstoffe steckt genau wie Mutter Natur es wollte Ideal fr die Balance von Krper Geist und Seele,2025-01-09 13:55:06+00:00,0,0,de
OberpfalzECHO,NEW-WEN-TIR,Hier haben alle schnell und professionell zusammengearbeitet,2025-01-09 13:30:41+00:00,0,1,de
de_ges_portal,"K√∂ln, Deutschland",Neue Studie zu Hilfe bei Schlafstrungen nach Krebs Zum kompletten Beitrag,2025-01-09 13:05:00+00:00,0,1,de
Sihooo_DE,no_location,Sihoo Gesundheitsratgeber Richtige Sitzhaltung der Sihoo Brostuhl hlt Sie energiegeladen Lesen amp Nachdenken frdern Ihre geistige Gesundheit Einfache bungen fr Krper und Geist im Einklang,2025-01-09 12:36:57+00:00,0,0,de
wellpresso,Impressum:,In den letzten Jahren hat die globale Landschaft eine faszinierende Verschmelzung von zwei transformierenden Trends erlebt dem Aufstieg von und der anhaltenden Popularitt von,2025-01-09 12:27:26+00:00,0,0,de
wochenblattnews,Aulendorf,Neue Lasertherapie revolutioniert die Behandlung der Prostatavergrerung,2025-01-09 12:27:26+00:00,0,1,de
GesinnungsKanal,no_location,Moiraley1986 Karenztag ist okay wenn zum Ausgleich jeder von seinem Einkommen unabhngig von der Quelle auch in die gesetzliche Krankenkasse einzahlt,2025-01-09 12:17:54+00:00,0,1,de
doubtfireai,Bulgarien,PushUps im Postpark Dein Boss Bitch Workout,2025-01-09 12:10:18+00:00,0,1,en
KathaCMueller,#wirsindmehr #fckafd,Ebolavirus kann die Haut durchdringen via WEBDENews rkide,2025-01-09 11:36:58+00:00,0,0,de
unkrautladen, Burger Strasse1 03096 Werben,Unkrauttrunk zu Gast beim Kruterklatsch im Spreewald,2025-01-09 11:36:05+00:00,0,1,de
EUSchwerbehind1,"Berlin, Deutschland",Krankenstnde Strukturelle Ursachen angehen statt riskanter Scheinlsungen,2025-01-09 11:31:06+00:00,0,0,de
OpenDataBundDe,"K√∂ln, Deutschland",Gibt es Daten zur ffentlichen Gesundheit Wo finde ich Infos zu Inzidenzen und Krankenhusern Auf GovData findet ihr aktuell insgesamt 4000 in der Kategorie Schaut doch mal vorbei,2025-01-09 10:52:32+00:00,0,0,de
Nordstadtblog,Dortmund,bringt digitale Lsungen fr und Einrichtungen Das Projekt DiPAS st soll Erfahrungsrume der Menschen ausdehnen,2025-01-09 10:50:03+00:00,0,0,de
Anarchixel,no_location,Hier ein kurzes Video zum Thema Arthrose Viel Spa beim Ansehen,2025-01-09 10:47:05+00:00,0,0,de
NordischePost,Germany,Tierische FitnessInspiration Wildtiere aktiv im Januar und Februar,2025-01-09 10:46:05+00:00,0,1,de
PaulZoeschg,no_location,War da jetzt seit Oktober jeden Morgen nach dem aufstehen drin Kostet viel innere Energie und ab und zu einen Hammer durch das Eis aber es gibt viel zurck echtes Dopamin Fokus Gesundheit,2025-01-09 10:25:12+00:00,0,1,de
NeuesAusAlzheim,aus aller Welt,Das fr die Whlerschaft wichtigste Themenfeld zur anstehenden Bundestagswahl Nicht UkraineKrieg nicht 1 mehr oder weniger BIP nicht Arbeitsmarkt sondern und Hier mehr dazu,2025-01-09 09:59:50+00:00,0,1,de
LINKE_KV_OF,no_location,Die Forderung nach einem unbezahlten ersten Krankheitstag ist eine Frechheit und Teil des Klassenkampfs von oben Wenn ihr nach unten tretet boxen wir nach oben,2025-01-09 09:35:48+00:00,3,7,de
AOKNordWest,"Dortmund, Kiel",Vor Arbeitsbeginn zwischendurch oder nach Feierabend etwas fr die eigene den Geldbeutel und die tun Nach Abschluss der landesweiten Aktion zieht die ein positives Fazit fr,2025-01-09 09:30:00+00:00,0,6,de
experten_Report,"M√ºnchen, Bayern",Deutsche bleiben Vorsorgemuffel Die Deutschen nehmen Vorsorgeuntersuchungen oft nicht ernst zeigt eine reprsentative Befragung von DA Direkt Besonders Mnner und junge Menschen weisen groe,2025-01-09 09:29:13+00:00,0,3,de
peterpatti,Wasserburg am Inn,Arbeitgeber fordern sogar drei unbezahlte Krankheitstage seid ihr noch da,2025-01-09 09:11:36+00:00,0,0,de
DUEREN_NEWS,"D√ºren, Kreis D√ºren, NRW, DE",Sanierung von Haus 14 der LVRKlinik Dren startet,2025-01-09 08:56:03+00:00,0,1,de
IrisRoder42813,"Ravensburg, Baden-W√ºrttemberg",So erhlt man die Arbeitskraft,2025-01-09 08:46:02+00:00,2,9,de
Yoga_Therapie,"Papenburg, Deutschland",Spirituelle Ursache deiner Blockaden lsen Lesen Wie du mit ChakraMeditation deine Emotionen reinigst und blockierte Lebenskraft frei setzt Lesen,2025-01-09 08:45:20+00:00,0,0,de
ilm_ulm,"Ulm, Baden-W√ºrttemberg",Bewilligung unseres ZIMProjekts mit einem innovativen Partner Wir entwickeln ein automatisiertes System zur schnellen Analyse von Hygieneproben mittels LaserSpeckleInterferometrie fr hchste Sicherheit und Hygieneberwachung,2025-01-09 08:44:53+00:00,0,0,de
PerlewitzAndrea,"Schleswig-Holstein, Deutschlan",Groartig Ich bin wieder so begeistert Auf meiner Seite findest du meine Kontaktdaten fr mehr Infos,2025-01-09 08:25:13+00:00,0,0,de
AviationDirect_,no_location,Studie warnt Nchtlicher Fluglrm erhht das Risiko fr HerzKreislaufErkrankungen und Schlafstrungen in,2025-01-09 08:09:26+00:00,0,0,de
inhortas,no_location,Auf gilt nach Brot als Hauptnahrung Interessant denn die Insel ist auch fr ihre vielen Hundertjhrigen bekannt Ist das Geheimnis der in den Vielleicht auch das ErdofenSpanferkel,2025-01-09 08:09:11+00:00,0,1,de
SteffiD,Bremen,Passt zu Im TeslaWerk in Grnheide machte der Fabrikleiter im Sommer Hausbesuche bei krankgeschriebenen Mitarbeitern um mgliche Blaumacher zu entlarven SZ,2025-01-09 07:26:02+00:00,0,0,de
prodidgeridoo,"Luzern, Schweiz",Schlafposition,2025-01-09 07:20:55+00:00,0,1,de
WissenWerteWand,no_location,Kritik am Krankenhausgesetz Gelder fr falsche Projekte,2025-01-09 07:05:15+00:00,0,3,de
M4zzing4,üé• in Macht deiner Gedanken üé•,ngste loslassen Entdecke wahre Strke und Freiheit,2025-01-09 06:51:39+00:00,0,0,de
bvpraevention,Bonn,Das Projekt fr alle der Landeszentrale fr in RheinlandPfalz untersttzt amp Partnerinnen aus den dabei Menschen in schwieriger sozialer Lage mit prventiven Angeboten zu erreichen Mehr,2025-01-09 06:24:00+00:00,1,2,de
kundry1983,Frankfurt / Miami,Lachen verndert alles via YouTube,2025-01-08 23:42:48+00:00,0,0,de
guardian_xcu,Wherever help is needed,Wohin man auch siehthrt Stress Wer Yoga Achtsamkeit und Meditation nichts abgewinnen kann sollte wenigstens ber die Ernhrung etwas ausgleichend einwirken,2025-01-08 23:21:34+00:00,0,0,de
BundesXpress,no_location,TomBayou Israel wurde als Versuchslabor bezeichnet weil es mit moderner Gesundheitsinfrastruktur und digitalisierten Patientendaten schnelle Erkenntnisse ber die Wirkung der Impfstoffe gewinnen konnte ein strategischer Vorteil kein Nachteil,2025-01-08 23:11:36+00:00,1,3,de
Rosenblumen0,"Niedersachsen, Deutschland",Studien zeigen dass Cannabis bei der Behandlung von chronischen Schmerzen eine effektive Alternative zu herkmmlichen Schmerzmitteln darstellt Mehr als 60 der Patienten berichten von einer signifikanten Schmerzlinderung,2025-01-08 22:46:34+00:00,8,40,de
zinskritik,Deutschland,patkaczmarczyk Das erste wo gekrzt werden sollte wren die sinnlosen Rstungsausgaben Aber unsere werten Politik krzen immer da wo es Not tut,2025-01-08 21:48:48+00:00,0,0,de
BesserwisserK,Deutschsprachig,8 Januar 2025 Tag des Treppensteigens Am zweiten Mittwoch im Januar 2025 also am 8 Januar findet jedes Jahr der Tag des Treppensteigens National Take the Stairs Day statt,2025-01-08 20:00:17+00:00,0,2,de
Prostatiti68669,no_location,Entdecken Sie das berraschende Mittel gegen Prostatitis Natur pur und voller Energie Erleben Sie Linderung auf eine neue Art,2025-01-08 18:52:45+00:00,0,0,de
SunnyShiny4321,no_location,Aluminium in Kinderimpfungen Eltern aufgepasst Aluminium in Kinderimpfungen enthalten rzte scheinen nicht informiert zu sein Steht ein fr unsere Kinder Ganzes Video hier,2025-01-08 18:52:36+00:00,0,0,de
Prostatiti68686,no_location,Sag Tschss zu Prostatitis Entdecke unser berraschendes natrliches Mittel das wirklich wirkt Jetzt mehr erfahren,2025-01-08 18:42:35+00:00,0,0,de
Blasenentz60542,no_location,Blasenentzndung Nicht mit uns Hol dir schnelle Linderung und fhl dich endlich wieder wohl Jetzt mehr erfahren,2025-01-08 18:31:18+00:00,0,0,de
Prostatiti20379,no_location,Leidest du unter Prostatitis Entdecke das berraschende Mittel das dir Linderung bringt berzeuge dich selbst,2025-01-08 18:29:28+00:00,0,0,de
Prostatiti67117,no_location,Entdecke das berraschende Mittel gegen Prostatitis Erlebe neue Freiheit amp Lebensqualitt Lass dich berraschen,2025-01-08 18:27:13+00:00,0,0,de
Prostatiti18042,no_location,Leidest du unter Prostatitis Entdecke die berraschende Lsung die dein Leben verndern kann Lass dich nicht lnger einschrnken,2025-01-08 18:25:32+00:00,0,0,de
BlauesKreuzBern,Bern,Gute Nachricht fr alle Rauchenden Bereits kurz nach dem verbessert sich die,2025-01-08 18:25:07+00:00,0,0,de
Krampfader26429,no_location,Entdecken Sie das geheime Wundermittel gegen Krampfadern berraschen Sie sich selbst mit wirksamen Ergebnissen,2025-01-08 18:24:04+00:00,0,0,de
Krampfader60870,no_location,Entdecken Sie das berraschende Geheimnis gegen Krampfadern Ein effektives Mittel das Ihre Beine befreit Jetzt mehr erfahren,2025-01-08 18:13:58+00:00,0,0,de
Krampfader33112,no_location,Entdecken Sie das erstaunliche Geheimnis gegen Krampfadern Unser innovatives Mittel berrascht mit wirkungsvoller Hilfe Jetzt ausprobieren,2025-01-08 18:13:25+00:00,0,0,de
Blasenentz35810,no_location,Schnell Schmerzfrei bei Blasenentzndung Unser bewhrtes Mittel wirkt schnell amp effektiv Sag Nein zu Beschwerden,2025-01-08 18:01:57+00:00,0,0,de
Prostatiti66283,no_location,Entdecke das unerwartete Wundermittel gegen Prostatitis Sag Tschss zu Beschwerden und geniee wieder das Leben,2025-01-08 17:56:36+00:00,0,0,de
Prostatiti56000,no_location,Sag Prostatitis den Kampf an Entdecke unser berraschendes Mittel das wirklich wirkt Schluss mit Beschwerden,2025-01-08 17:55:28+00:00,0,0,de
Prostatiti89991,no_location,Entdecken Sie das revolutionre Mittel gegen Prostatitis berraschende Wirkstoffe fr Ihre Gesundheit einfach effektiv und natrlich,2025-01-08 17:51:01+00:00,0,0,de
Sususakura91,"Kassel, Hessen",Mchtest du mehr Freizeit oder einfach nur etwas dazu verdienen,2025-01-08 17:48:54+00:00,0,0,de
Krampfader43765,no_location,Entdecke das Geheimnis gegen Krampfadern Unsere innovative Lsung wirkt schnell und effektiv berzeuge dich selbst,2025-01-08 17:40:30+00:00,0,0,de
Prostatiti30053,no_location,Sagen Sie der Prostatitis den Kampf an Entdecken Sie unser berraschendes Mittel das Ihnen schnelle Linderung verschafft,2025-01-08 17:39:44+00:00,0,0,de
Krampfader15188,no_location,Sag Bye zu Krampfadern Entdecke das ungewhnliche Mittel das berrascht und wirkt Erlebe gesunde Beine,2025-01-08 17:27:25+00:00,0,0,de
Ruby22Mm,no_location,Hallo,2025-01-09 12:50:33+00:00,2,37,en
BertiEster,no_location,Lead the Way in Financial Innovation Showcase your contributions to fintech digital banking and sustainable finance at the prestigious Future Finance Awards 2025,2025-01-07 14:43:53+00:00,0,0,en
Hakan61018221,no_location,AIM Congress 2025 is your opportunity to explore the future of business powered by the booming ecommerce economy,2025-01-06 12:39:08+00:00,0,0,en
Faenos_tz,Liverpool,Madeiras serene beauty fuels my drive for a dynamic and adventurous 2025,2025-01-05 14:50:47+00:00,0,0,en
T18Luis,no_location,At AIM Congress 2025 learn how realtime finance is transforming industries and unlocking new possibilities,2025-01-05 10:28:08+00:00,0,0,en
Redwind_4kj,Liverpool,Future Transformation joins AIM Congress 2025 to inspire progress and empower industries with transformative insights,2025-01-05 05:10:33+00:00,0,0,en
KEPodcast,no_location,In unserer neuen Episode geht es um das Thema und hrt doch mal rein,2025-01-04 14:54:50+00:00,0,0,de
abigail_abiitha,no_location,Get ready for unparalleled coverage of AIM Congress 2025 thanks to our collaboration with WAM 2025,2025-01-03 08:52:32+00:00,0,0,en
steffi2105,no_location,Ich habe soeben die Petition fr die Kampagne Bundesweites Bllerverbot jetzt unterschrieben Gehe jetzt auf falls du auch die Kampagne untersttzen willst,2025-01-07 13:39:08+00:00,0,4,de
Sabeth_Pademira,Hamburg. Heimat: Heidelberg,Man frage sich wer aus welchen Grnden diesen kostenintensiven strenden Krach Lrm und Mll braucht will thread,2025-01-07 11:19:56+00:00,0,0,de
gemusegurke,no_location,Natrlich kommt das System erwartungsgem mit Mehrheitlich Deutsche Alles Andere htte mich gewundert,2025-01-07 11:01:49+00:00,0,1,de
thetruthonex,no_location,BettinaJarasch Wer zuknftig sicher feiern mchte und gesund ins neue Jahr starten mchte Sollte aus Sicherheitsgrnden die whlen Nicht die sind das Problem was das Problem ist muss jeder gesunde Mensch mit gesunden Verstand selbst erkennen Die AfD ist,2025-01-06 20:54:45+00:00,0,2,de
Migrantengewalt,no_location,ulfposh Kein hat einen oder von alleine angegriffen auch nie ein alleine So als fr grne Kleinsthirne,2025-01-06 19:38:16+00:00,0,0,de
ClaudiagrLucian,no_location,BettinaJarasch Ach das Bllerverbot soll also Sicherheitskrfte usw schtzen Was stimmt bei euch im Kopf nicht dass ihr nicht erkennen wollt dass es nicht die und die sind sondern die Menschen Ich fordere ein Verbot des Faschismus der,2025-01-06 17:50:28+00:00,0,0,de
Lana_Grace_18,no_location,Gute Idee,2025-01-06 16:37:25+00:00,0,7,de
EmpireOfX,"Buenos Aires, Argentina",ulfposh Ich bin auerdem fr ein Schwimmbder Verbot Da gehts doch wegen der gleichen Klientel genauso ab Stck fr Stck nehmen wir uns selbst die Freiheiten und realisieren es nicht mal,2025-01-06 16:17:53+00:00,3,36,de
ByEvin31,Deutschland,Was haben die was wir nicht haben,2025-01-06 16:09:40+00:00,0,0,de
rej0hn,Dortmund - NRW,derspiegel regulation wre hilfreicher als ein verbot das gilt fr und gleichermaen,2025-01-06 14:59:28+00:00,0,2,de
_FalkoS_,Pinneberg,VasiFranco Ich finde es sehr merkwrdig dem hier die Schuld in die Schuhe zu schieben Es kann nicht sein was nicht sein darf Benennen Sie Ross amp Reiter,2025-01-06 13:35:25+00:00,0,0,de
EUSchwerbehind1,"Berlin, Deutschland",196 Millionen Unterschriften fr Bllerverbot an Innenministerium bergeben,2025-01-06 13:31:12+00:00,0,2,de
marillion13,"Baden-W√ºrttemberg, D",Ich hab auch die Petition von der Umwelthilfe bereits unterzeichnet und auf X und Quora gepostet erschrecken Haus und Wildtiere und verursachen eine Menge Aussto DasErste Bundeskanzler,2025-01-06 12:05:02+00:00,1,1,de
YohanYorn,Freiluftklapse Deutschland,Das waren bestimmt die fiesen,2025-01-06 10:58:44+00:00,0,2,de
trendingsurf,no_location,01062025 Whats the Hottest movie in Germany of News amp Politics Berlin360 Check out the REAL YouTube trends here,2025-01-06 09:30:34+00:00,0,0,en
rdntzd,Stillruhtder See,GdPHauptstadt dpa Tagesspiegel tagesschau ZDF FunkeBerlin WELTAMSONNTAG RTLcom sat1 berlinerzeitung SZ Schade eigentlich dass wir uns immer weiter einschrnken mssen Vieles was vorher kein oder nur ein kleines Problem war geht jetzt pltzlich nicht mehr Jetzt nimmt man den Menschen ihr Schweizer Messer weg das nie fr einen Angriff verwendet worden wre,2025-01-06 08:33:03+00:00,0,0,de
FloQuiRei,"M√ºnchen, Bayern",Es msste jetzt landesweit Prozesse wg dieser hageln Die haben rcksichtslos Passanten Polizei amp Einsatzkrfte attackiert haben mutwillig schwere Krperverletzung amp Sachbeschdigung inkaufgenommen Keine Gnade,2025-01-06 08:30:04+00:00,0,3,de
26fatih,e≈üki≈üehir,The UAE Banks Federation and AIM Congress 2025 are joining forces to shape the future of banking and financial innovation,2025-01-06 06:22:34+00:00,0,0,en
HerrMayer77,Deutschland,VasiFranco Der selbst ist nicht gefhrlich es ist der Mensch der ihn benutzt Das Messer alleine ist ja auch nicht gefhrlich Sollte man deshalb alle Messer vernichten und verbieten Dann knnten Sie sich ab sofort ihre Brtchen mit dem Lffel schmieren,2025-01-05 20:27:20+00:00,0,5,de
SandySand5,Deutschland,Dmlicher geht immer,2025-01-05 19:49:28+00:00,0,1,de
NameTakenAussi,no_location,VasiFranco Da knnen die nichts fr,2025-01-05 18:10:56+00:00,0,0,de
Madame1963,"Th√ºringen, Deutschland",Ah Scholz findet also dass Tierleid Umweltverschmutzung Lrmbelstigung und Verletzungen durch Bller komisch sind Fr mich sind das schwerwiegende Argumente fr ein Verbot Aber was wei ich schon,2025-01-05 15:28:48+00:00,0,0,de
claudihada,no_location,Revolutionize your logistics with insights from Bayers Johnny Ivanyi speaking on global supply chain resilience at AIM Congress 2025 PHNIX AKUMA,2025-01-05 15:08:07+00:00,0,0,en
CashFloh,no_location,Angesichts von 5 Toten vielen Schwerverletzten und Schden fr die Umwelt finde ich es dass NochKanzler Scholz ein Bllerverbot komisch findet Sprech des bildungsfernen Milieus und Anbiederung,2025-01-05 13:43:59+00:00,0,0,de
daniela_biela,"Gondelsheim, Deutschland",numerusclaudius Wenn mich mir anschaue wie viele rechte Patrioten stolz mit einer Wagenladung fr 100e oder 1000e und dummen Sprchen im Internet posiert haben wrde ich sagen das hat lngst nicht nur mit Migration zu tun sondern mit mnnlichem Ego und viel,2025-01-05 13:39:43+00:00,0,4,de
StopMeat,no_location,Tote Menschen und Tiere ausgebrannte Wohnungen durch Bller an es reicht Bitte unterzeichnet und teilt die Kampagne Bundesweites Bllerverbot jetzt und lasst uns Druck auf die Politik machen,2025-01-05 12:57:10+00:00,0,7,de
ExpressFuchs,no_location,tagesschau Frau Faeser redet mir Zuviel und handelt aber nicht von Auslndern,2025-01-05 12:56:17+00:00,0,0,de
Inga_Ruppender,no_location,Hrte in der in Berlin ArtillerieKanonenschlge Von wem oder was wurde eingenommen Ich fordere fr die Zivilbevlkerung fr kommende Jahreswechselfeiern,2025-01-05 10:45:57+00:00,0,0,de
VeronikaWedya,"Sidoarjo, Jawa Timur",Discover how realtime financial strategies are transforming business landscapes and creating limitless opportunities XRP,2025-01-05 10:23:41+00:00,0,0,en
RussellsTeaP0T,Sch√∂nste Ecke Deutschlands.,Ein bundesweites Bllerverbot findet unser komisch Wann verschwindet dieser Clown endlich von der politischen Bhne,2025-01-05 10:07:40+00:00,1,4,de
aixrad,no_location,der Gewerkschaft der zum,2025-01-05 09:57:14+00:00,0,0,de
FHA567748127460,Deutschland,in Kugelbombe ttet an,2025-01-05 09:21:52+00:00,0,0,de
Transkanzler,Silicon Valley,Alle Jahre wieder Komisch,2025-01-05 09:20:09+00:00,1,1,de
Dieter_Rakete,"Hamburg, Deutschland",Das sind aber mal Schlagzeilen aus der WELT auf Polizisten Rufe nach hrterer Gangart gegen Tter So darf kein ruhiger Jahreswechsel aussehen Die Migrationspolitik in zu vielen Lndern ist vllig irre,2025-01-05 09:19:57+00:00,0,0,de
Bugsbanna1,no_location,BllerTod in Hamburg Kugelbombe ttet KarateMeister an Silvester,2025-01-05 09:14:59+00:00,0,0,de
blaubeerblau2,liminal space,squirrelpics1 Wre es nicht wesentlich sinnvoller den Verkauf von zu verbieten,2025-01-05 09:13:25+00:00,0,1,de
PachT1945,Erfurt-Melchendorf,050125 amp statt das ist geistige via PachT,2025-01-05 03:15:39+00:00,0,1,de
bzberlin,Berlin,Attalah Younes 24 feuerte in der eine Rakete ab die durch ein Fenster in ein Kinderzimmer flog und explodierte Jetzt landete er dafr vorerst in der Zelle,2025-01-04 21:45:09+00:00,30,215,de
info_bitte,everyplace,ISefati mit sollte es erst wieder geben wenn sich die Verhltnisse in normalisieren wie vor ca 30 Jahren Zwar gabs auch damals gengend rgernisse am Silvester aber keine Gewalt arabischer trkischer und osteuropischer Chaoten wie im Jahre 2024,2025-01-04 21:21:56+00:00,0,0,de
LandesEchoPrag,"Praha, ƒåesk√° republika",Im Gegensatz zu Deutschland gab es keine Toten aber auch in Tschechien verletzten sich Menschen durch Bller in der Silvesternacht zum Teil schwer Die Luftverschmutzung durch Pyrotechnik sprengte alle Rekorde,2025-01-04 19:19:03+00:00,0,0,de
sMoony248756,"Ansbach, Deutschland",jetteniz httest deinen Tweet nicht lschen mssen Ich fand ihn mehr als Zutreffend Mnner die sich ihre Hnde wegsprengen knnen definitiv sich nicht mehr an Frauen vergreifen Allen toxischen Mnnern wnsche ich das von Herzen,2025-01-04 17:29:32+00:00,0,0,de
Rembrandt1405,Rembrandt0514@süÖæcial.ano‚ùåinon,Robby68142735 hier kann eine gegen unterschrieben werden,2025-01-04 17:00:31+00:00,7,13,de
SWPde_bot,"Ulm, Deutschland",bei Weienhorn Pferd geht nach durch und schleift 85Jhrigen mit,2025-01-04 16:50:21+00:00,0,1,de
gunnar_ror,Bayern ,dorisorchid Die sollten ein Gesetz zur pflicht vorschlagen Im ganze Osten wre ab nchstem Jahr,2025-01-04 15:32:23+00:00,0,0,de
wochenblattnews,Aulendorf,Waldseer Stadtsee wird zum Schauplatz der Nachlssigkeit,2025-01-04 15:27:42+00:00,0,0,de
Carsten_Fi,no_location,Schusswaffen und Messer verbieten aber einmal im Jahr unbegrenzt Sprengstoff im ALDI kaufen ist okay,2025-01-04 13:41:44+00:00,0,1,de
KH82865104,Deutschland ,Mir stellt sich die Frage warum diese in oder verkauft werden drfen Diese Lnder gehren auch zur Machtwort zum Thema Bllerverbot Scholz findet es irgendwie komisch via WEBDENews,2025-01-04 13:17:46+00:00,1,3,de
tonald_dru14202,Franken,07user Nicht die sind das Problem So lange das nicht eingesehen wird finden diese Bestien immer wieder irgendwas um es den um die Ohren zu schlagen Wie naif seit ihr eigentlich Ist es euch lieber wenn dann nur noch durch die Nacht fliegen Es ist,2025-01-04 12:13:37+00:00,0,0,de
nor_arnold,"Berlin, Deutschland",Wer schon mal z B in oder gefeiert hat wei wie frhlich und ausgelassen man auch ohne feiern kann Selbst in ist es nicht so schlimm wie in Deutschland Deshalb,2025-01-04 11:43:34+00:00,1,1,de
Leo_Deutscher,Deutschland üá©üá™,MOIN Habts ein schnes 1 Wochenende 2025 nach diesem etwas unschnen Start ins neue Jahr nein danke,2025-01-04 10:11:40+00:00,0,0,de
Leo83084272,no_location,via YouTube Ich distzanziere mich explizit von dem Kanal der anscheinend der AFD zugewendet ist,2025-01-04 09:51:20+00:00,0,1,de
b_sappek,no_location,gegen ein wre nicht kontrollierbar Was fr ein Quatsch Wir haben ein gibt auch keinen igen Schutz aber es hilft 5 Tote zig Verletzte Seht hin schaut hin amp hrt zu amp wacht auf amp werden als eingesetzt,2025-01-04 09:09:35+00:00,1,2,de
nergelian,no_location,Umwelthilfe Wir beginnen zunchst einmal mit einem DUH Verbot oder sorgen erst einmal dafr dass es bei der DUH Personen gibt die bis zur Tapete denken knnen Es gibt auch ein Waffenverbot dennoch gibt es unzhlige Pistolen etc in D brigens hat D auch Grenzen,2025-01-04 08:46:34+00:00,0,3,de
HabakukProf,Ich seh euch alle,MdlBehrendt Was hat ein mit Auslndern zu tun,2025-01-04 08:40:49+00:00,0,0,de
sarita19sarita,no_location,Sky Kurtz will share how Pure Harvest is driving sustainability in agriculture at AIM Congress 2025,2025-01-04 08:25:12+00:00,0,1,en
nwnews,"Bielefeld, Deutschland",fr 45 Euro Das Geschft das einem Mann aus den Tod brachte luft ber soziale Medien die Ware kann tdlich sein Illegale sorgen bei Sicherheitsbehrden fr Alarmstimmung Und Das Problem wird grer NW,2025-01-04 08:18:57+00:00,1,2,de
de_laare_X2,no_location,Silvester Magdeburg Mannheim Weder die noch die sind das Problem Das Problem sind die eigentlich gar nicht in Deutschland sein drften Das was wir gerade erleben ist das Erbe der linksgrnen Pfui Nie wieder,2025-01-04 06:51:13+00:00,5,6,de
Marion144581840,no_location,Schon ber 450000 Stimmen fr ein,2025-01-03 22:20:57+00:00,0,1,de
NZiegeler,Rottenburg,smuep 5 Tote durch alleine an Silvester 2024 Jetzt reichts Bitte die der Gewerkschaft der Polizei unterzeichnen Hier gehts zur Petition,2025-01-03 22:07:52+00:00,1,3,de
Augustin67278,no_location,NoAFDBTW25 Doof ist dass die von dir naiv hofierten mit Migrationshintergrund die Problembren beim sind Indigene Jugendliche gibt es ja fast nicht mehr Das Problem sind nicht die die Messer oder Autos Das Problem sind die wie sie anonym genannt werden,2025-01-03 21:11:27+00:00,0,0,de
E_D_K_R,"Peenem√ºnde, Deutschland",Und ZACK auf einmal gruppendynamischer Prozess von RaketenRecep und FeuerwerkFurkan Matthias Helferich MatthiasMdbbester Mann im Bundestag,2025-01-03 20:16:58+00:00,4,11,de
blaulichtzecke,no_location,Der hoffentlich letzte Nachklapp zum Thema Insbesondere im Interesse der Verletzten ist zu hoffen dass die Ermittlungen der in den eigenen Reihen zum Erfolg fhren,2025-01-03 19:46:32+00:00,4,17,de
KaiserfrontFan,Hamburg,berlinerzeitung GdPHauptstadt Ich glaube nicht das die das Problem sind Das Problem ist ein Anderes und ein gewisser hat auch bereits eine Lsung angeboten die von einigen Leuten aus der bernommen wurde,2025-01-03 19:06:12+00:00,1,5,de
Joffrey77855104,Next to them `ol barn,Letztes Jahr deutete sich schon an da das Imperium in Neuklln gewinnt Dieses Jahr hat das Imperium gewonnen,2025-01-03 16:20:45+00:00,1,12,de
citius_fortius1,DACHI,KarlLauterbach Solange die 60000 auslndischen rzte mit keine Wohnungen in Brand setzen nicht mit Autos in fahren oder Menschen umbringen Alles bestens KarlLauterbach,2025-01-03 15:57:04+00:00,2,84,de
bundesnews1,Berlin,Deutschland hat ein NaziProblem Jette Nietzard hat wohl ein Mnner Problem Die Migranten Asylbewerber oder Ukraine sei das Problem Ich konnte mich nicht halten vor lachen,2025-01-03 13:07:10+00:00,2,3,de
johannesl98,"Leipzig, Deutschland",Nicht die sind schuld dass sich in Berlin wieder einige Zuzgler nicht benehmen konnten Und wohlgemerkt hab ich wie jedes Jahr nicht einen Cent an verschwendet Aber ein Verbot weil sich bekannte Personengruppen nicht benehmen knnen,2025-01-03 11:57:42+00:00,0,0,de
ReinerAberJa,Weltoffen,Fokus auf illegale ist nicht zielfhrend Auch legale Bller sorgen jedes Jahr fr tausende panische Tiere schwere Verletzungen starke Luftverschmutzung und tonnenschwere Mllberge Wir brauchen ein generelles Link,2025-01-03 11:14:15+00:00,0,3,de
Aleonor_al,no_location,Fuball und Der Staat erlaubt Mnnern Aggressionen in der Gesellschaft auszuleben Doch die Quoten der huslichen Gewalt sinken nicht Versteht ihr Was wre wenn Frauen Demokratische Wahlen boykottieren wrden Hm Wie fndet ihr das Patrizier,2025-01-03 11:03:27+00:00,0,0,de
OMonlineDe,Oldenburger M√ºnsterland,Detonation Mann aus wird durch lebensgefhrlich verletzt,2025-01-03 11:02:29+00:00,0,0,de
oloyolo77689,no_location,Wie wre es wenn sich Feuerwerkshersteller bei den Polizeieinsatzkosten beteiligen Selbiges wird von Fuballvereinen gefordert dann sollte es auch fr Pyrotechnikhersteller gelten,2025-01-03 10:53:40+00:00,0,0,de
MiGAZIN,Germany,Polizei soll an rechtes Medium durchgestochen haben Ausschreitungen und BllerExzesse in der Silvesternacht sorgen jedes Jahr fr Diskussionen Diesmal sorgt sie bei der fr Unruhe Hier lesen,2025-01-09 20:00:00+00:00,0,1,de
M4xPeen,no_location,Welten zwischen und Schlimmster Datenleak seit der Bekanntgabe der Vornamen vom Sylter Sngerverein,2025-01-09 19:50:58+00:00,0,1,de
gabonn,Bonn,Die Polizeigewerkschaft fordert mit einer ein bundesweites Knapp 15 Millionen Menschen haben unterzeichnet Fr den Eitorfer Feuerwerkshersteller Weco htte das Folgen GA,2025-01-09 18:46:16+00:00,0,0,de
endthesealhunt,Germany,please RT EUwide ban on the sale of pyrotechnics for private purposes,2025-01-09 18:38:11+00:00,0,0,en
PeterSchwarz11,Beckingen/ Saar,ist seit anderthalb Wochen vorbei doch der politische Streit zndet erst jetzt so richtig In der Diskussion um ein positioniert sich nun die er greift bei der Gelegenheit den Regierenden Brgermeister Kai 52 an,2025-01-09 18:01:57+00:00,0,1,de
bellarocca21,berlin,es knallt seit stunden ich male bin allein mezzanotte knips ich nach gegenber es ist nicht viel zu sehen auf dem foto aber ich finde es stimmig,2025-01-09 16:49:04+00:00,0,1,de
DemokratieTroll,no_location,niusde Wir wissen jetzt dass zweidrittel der arabische oder trkische Namen haben Freiwillig htte die Polizei diese fr unser wichtige Erkenntnis ber die durch nicht rausgerckt um die Wirklichkeit zu vertuschen,2025-01-09 15:20:26+00:00,0,0,de
Einfach_Ela_,no_location,Einen besseren Beweis dass die Liste der Vornamen echt ist und dass man es vor der Bevlkerung lieber verbergen wollte dass die meisten deutschen Krawallmacher einen Migrationshintergrund haben kann es gar nicht geben,2025-01-09 14:57:48+00:00,0,0,de
KappaAlphaPhi,no_location,What really happened on at Port were fired Children were crying,2025-01-09 14:56:33+00:00,0,0,en
Dollfuss_,Ofra ,JochenAndru1981 Ein Beamter mit Charakter und Anstand Meine Meinung PS Natrlich wussten wir alle das es sich nicht um Deutsche gehandelt hat Aber wir sind dem dankbar,2025-01-09 14:22:00+00:00,0,2,de
kainsider,"Karlsruhe, Deutschland",Ein Silvester wie das vergangene braucht niemand mehr,2025-01-09 13:55:25+00:00,0,0,de
Herzblut16,no_location,Du suchst spannende Flirts oder den Partner frs Leben Dann bist Du bei Hits genau richtig Hier kannst du mit interessanten Leuten aus deiner Nhe Flirten Quatschen oder Daten Melde dich Schnen amp GUTEN GELINGEN in 2025 gtgt,2025-01-09 13:47:50+00:00,0,0,de
Peter_Ueck,Deutschland,nikschrader Thematisieren Sie lieber warum es diese nur Vornamen sind Halten Sie es zudem fr ein rechtes Vergehen,2025-01-09 12:39:11+00:00,0,0,de
MollersPaul,no_location,throeng GenuineBY BirgitKelle FraukePetry Dass es das gibt hat niemand abgestritten Aber Sie haben unter Birgit Kelles Post kommentiert in der Absicht abzulenken vom Problem Und das ist nicht nur Und in der Unterhaltung mit Ihnen wurde ua klar dass Sie einseitig die Deutschen verantwortlich machen,2025-01-09 11:52:33+00:00,0,1,de
KH82865104,Deutschland ,dg16593 BirgitKelle polizeiberlin Am 0301 habe ich mit einem Polizisten ber geredet und er hat genau diesen Satz gesagt den ich im ersten Post geschrieben habe Wir haben nicht ber Grnde geredet Er sagte noch in Berlin wre das normal was bei uns in Bayreuth unmglich wre,2025-01-09 11:36:30+00:00,0,0,de
Hajoax,no_location,Tagesspiegel Ich finde diese Liste interessant und aufschlussreichweil genau hier die namentlichenmigrantinischen Ursachen liegen und publiziert werden mssenInteressant auchKEINE asiatischen Migranten erkennbar,2025-01-09 11:24:40+00:00,0,2,de
SiSeidler,Berchtsgodn,nikschrader und dann muss man sich ja noch vor Augen halten dass es prozentual viel weniger Auslnder als Deutsche bei uns gibt die wiederum aber in der Statistik viel mehr Straftaten begehen Das kann man sich auch nicht mehr schnrechnen Auch keiner der,2025-01-09 11:21:53+00:00,0,1,de
tobiasteich_by,no_location,Nennt die Vornamen,2025-01-09 11:19:03+00:00,0,0,de
berlinerzeitung,"Berlin, Deutschland",Eine Silvesterrakete explodierte auf dem Balkon von des des Berliner Musikers Adam Harzuf Danach brannte seine Wohnung aus Er ist nicht versichert,2025-01-09 11:12:00+00:00,15,53,de
AndreasW1739623,no_location,niusde Wie weit ist man eigentlich bei der Polizei mit der Verfolgung der Beamten die interne Informationen zu bevorstehenden Hausdurchsuchungen vorzugsweise bei Regierungskritikern vorab illegalerweise an die Presse weitergeben Ich frage fr einen Freund,2025-01-09 11:09:00+00:00,0,0,de
MoosburgTV,Moosburg,Groe Silvesterparty Landshut Fotos Benni Diemer mehr auf Sieh dir diesen InstagramBeitrag von stefanjahnel an,2025-01-09 10:01:28+00:00,0,0,de
TARIX896309,no_location,Ja klar und bei Sylt sind alle Namen verffentlicht worden ihr wollt uns doch echt Verarschen,2025-01-09 10:00:44+00:00,0,0,de
von_palme,no_location,Jeder Berliner auch der komplett Grnverwahrloste wei wer den Straenterror jedes Jahr an verbreitet Die grnverwahrloste Politik jault kurz auf und das war es dann Leute geht whlen via welt,2025-01-09 09:18:34+00:00,0,2,de
Disputatorus,no_location,Dann sucht man sich eben einfach einen anderen Skandal Hauptsache es redet keiner mehr darber das grtenteils Migranten kaputt machen und es fr Rettungs und Sicherheitskrfte zur Hlle werden lassen,2025-01-09 08:48:13+00:00,0,0,de
KlartextRM,no_location,Immer wenn du denkst die Wahrheit siegt am Ende doch kommt irdendwo ein Systemling daher und macht jagt auf die welche der Wahrheit sprechen,2025-01-09 08:16:46+00:00,1,0,de
Weber_AfD,"Paderborn, Deutschland",Die meisten Silvesterjihadisten in Berlin hatten einen arabischen Vornamen Wie kommt das blo Ich dachte alle Menschen seien gleich Deutsche machten das doch auch und nur ein Bllerverbot knnte uns helfen,2025-01-09 08:10:21+00:00,0,0,de
KaleuDer,no_location,nikschrader So vorhersehbar Das Skandal sind natrlich nicht die Idioten die an in einen Kriegsgebiet verwandeln sondern wie immer bei Linken die Polizei polizeiberlin,2025-01-09 07:54:35+00:00,0,2,de
pommesfritz60,NRW,Natrlich hat wieder nix mit nix zu tun,2025-01-09 07:18:51+00:00,0,2,de
Witcher__77,Germany,nikschrader Vuelleicht hast Du wrtlich den Knall nicht gehrt Daher fliegt die Linke am 2302 aus dem BT,2025-01-09 07:14:52+00:00,0,2,de
steffan_nethe,"Hamburg, Deutschland",DrKissler Sie sollten in erstmal alle 40 der ohne dt Pass abschieben bevor wir sie fr immer an der Backe haben,2025-01-09 06:55:16+00:00,1,27,de
infos_unter,"Rostock, Deutschland",Polizei in Berlin ermittelt nach Verffentlichung von Vornamenliste,2025-01-09 06:52:44+00:00,0,0,de
UweJelting,Ostfriesland,Es wird immer absurder Bllerfhrerschein,2025-01-09 06:48:56+00:00,0,1,de
ndaktuell,Berlin,Der Rohrbruch an der Seestrae lie an in groen Teilen Berlins den Wasserdruck absacken bei Verkehrsteilnehmenden sorgt er nun fr Puls,2025-01-09 06:46:00+00:00,2,1,de
Juergen_Fritz,"Hamburg, Deutschland",jreichelt 1453 registrierte die Polizei in 670 Verdchtige wurden gefasst Knapp 40 sind 60 haben auch einen dt Pass Von diesen 60 Deutschen haben laut 23 ebenfalls einen,2025-01-09 06:31:26+00:00,2,7,de
mykmill,Toronto and NFLD,This is how Germans celebrate Im not even kidding I remember all these fireworks in the street in front of my grandparents home as a kid But watch that video Look at these nutheads running Turn it up Insane Bedlam,2025-01-09 03:10:33+00:00,0,1,en
PaulSch72969276,no_location,Transparenz ist also bei der Polizei nicht erwnscht Tatsachen zu verheimlichen aber ja Ali Youssuf Hassan aus der Silvesternacht durchgestochen Berliner Polizei ermittelt intern via welt,2025-01-09 01:52:13+00:00,0,2,de
fanny1liy,Èªô„Çå ,Isarborn1 jannibal amp htten die auf belgische deutsche Frauen verhindert 40 arabische umzingeln attackieren auf der Piazza Duomo,2025-01-08 22:56:56+00:00,1,1,de
PolitikDMitte,no_location,Das der Linke nikschrader hier ein vollkommen falschen Schwerpunkt setzt treibt weitere Menschen direkt in die Arme populistischer Parteien Der Datenschutz der hier eventuell sogar gewahrt wurde ist den Menschen hier vollkommen egal,2025-01-08 22:08:01+00:00,0,0,de
ZeugeZ,no_location,welt polizeiberlin Hat die polizeiberlin alle amp von etwa schon Oder sind es soviele das eine beim kein Sinn macht Und sie deswegen lieber in ermitteln,2025-01-08 21:47:50+00:00,0,2,de
toottenhagn,Schweiz,Da wird gegen die Falschen ermittelt Ermittelt lieber gegen jene die Wahrheit unterdrcken wollen Wahrheit ist Demokratie Zensur und Propaganda Diktatur,2025-01-08 21:27:00+00:00,0,0,de
thomas_9778,no_location,SilvesterAusschreitungen Migrantische Mnner Mchten Menschen zu Opfern machen jetzt herunterladen,2025-01-08 21:17:14+00:00,0,0,de
BlnTales,"Berlin, Deutschland",Sollte die polizeiberlin nicht besser gegen diejenigen ermitteln die euch und andere Helfer angegriffen haben und aus einen Kriegsschauplatz gemacht haben Stattdessen ermittelt man nun ernsthaft wer die Namen durchgestochen hat niusde,2025-01-08 21:08:17+00:00,0,0,de
Walter_G__,Bayern / Bavaria,welt Es soll also vertuscht werden die in strafbar,2025-01-08 21:04:22+00:00,0,2,de
andreas43452653,no_location,NancyFaeser Gibt es Zahlen zu bei denen Personen ohne vorhandene ohne Pass die deutsche Staatsangehrigkeit bekommen haben Ach bei einigen neuen Deutschen ist es mglich dass diese nach der Verleihung kriminell werden,2025-01-08 20:51:03+00:00,0,0,de
info_bitte,everyplace,Die ist um den Datenschutz bemht warum die der 406 nicht verffentlicht werden Doch ALLE und SzeneKenner wissen da die meisten Festgenommenen an ein haben,2025-01-08 20:33:01+00:00,0,1,de
ErzaehlDochMal_,Deutschland,Mit wem hast du Silvester verbracht,2025-01-08 19:16:43+00:00,0,0,de
publizistikon,M√ºnsterNRW üá©üá™,Anspruch und Wirklichkeit in In kommt es zu bergriffen auf junge Frauen durch Nordafrikaner wie in war die Neurechte nicht als Bollwerk gegen die unkontrollierte Migration angetreten,2025-01-08 19:09:19+00:00,2,14,de
HeinzK_Berlin,no_location,Liste der der aus der in geleakt,2025-01-08 18:58:30+00:00,0,0,de
thomas_hocke,"Berlin, Deutschland",Nach der Der irgendwie komische Herr Kommentar,2025-01-08 18:18:03+00:00,0,0,de
doubtfireai,Bulgarien,BJJ Boxen amp Berlin Mein krasses Jahr,2025-01-08 16:59:20+00:00,0,0,de
lieberHeinrich,no_location,PurgeDay in,2025-01-08 16:32:36+00:00,0,0,en
Nadine14037332,no_location,Du suchst spannende Flirts oder den Partner frs Leben Dann bist Du bei Hits genau richtig Hier kannst du mit interessanten Leuten aus deiner Nhe Flirten Quatschen oder Daten Melde dich Schnen amp GUTEN GELINGEN in 2025 gtgt,2025-01-08 16:09:05+00:00,0,0,de
e_munich,"Bayern, Deutschland",nikitheblogger Es heisst im brigen im zugewanderten Buntland nicht mehr Sondern Asylvester Weitgehend friedlich So jetzt stimmts,2025-01-08 15:22:05+00:00,4,37,de
imsimantaa,"Jessore, Bangladesh.",About me,2025-01-08 14:50:57+00:00,1,0,en
mutiarakhrnns,jakarta,Their expertise in driving digital transformation makes them a crucial partner in shaping the future of smart cities and sustainable urban growth,2025-01-08 14:35:52+00:00,0,0,en
hatte_2x_besuch,irgendwo im nirgendwo,ES WAREN DEUTSCHE,2025-01-08 14:10:03+00:00,2,3,de
Azadi77,üá©üá™,Nun sind vorbeiAber den hier vergesse ich niemals Was fr ein Psychopath Er zndete ein Bller in der Vagina seiner EX anwie krank muss ein Mensch seinum berhaupt auf so eine Idee zu kommen,2025-01-08 14:04:25+00:00,0,7,de
HLlive,"L√ºbeck, Germany",Silvester Polizei bittet um Fotos und Videos Im Behaimring wurden in der Silvesternacht Einsatzkrfte und Passanten mit Pyrotechnik beschossen und mit Bllern beworfen wir berichteten Mittlerweile,2025-01-08 14:02:07+00:00,1,0,de
6bot7Unimatrix,no_location,ArnoNymuski spaceloop23 bahngeschaedigt bzberlin LWojdowska Will dich nicht damit nerven oder spammen Aber ich habe die von jetzt soweit fertig Hier einfach fr dein Archiv Gruss,2025-01-08 13:32:02+00:00,0,1,de
Wollihood,no_location,Viele reden nach in vom Rechtsstaat und fordern die volle Hrte dessen Wie das dann in der Realitt aussieht zeigt meine Anfrage zu den Verurteilungen nach den Krawallen der letzten beiden Jahre Kein einziger Tter in Haft und zig,2025-01-08 13:14:22+00:00,1,3,de
realteslahan,no_location,Silvester Warschau vs Berlin,2025-01-08 13:14:22+00:00,0,1,de
_Selbstdenker__,no_location,2 junge Frauen werden an von einer Horde bedrngt und versuchen zu flchten Hier live zu sehen Europa ist verloren Unsere Kinder wachsen in Angst auf,2025-01-08 13:03:26+00:00,0,0,de
niko_mandl,Wildnis,Ich beobachte seit Jahren eine Zunahme der Knallerei an Selbst Naturschutzgebiete Berggipfel und Almen werden gezielt von Feierwtigen augesucht Nicht nur in diesen speziell sensiblen Bereichen sondern berall werden Wildtiere in dieser harten Winterzeit gestrt,2025-01-08 12:27:46+00:00,1,5,de
Zecory6569,no_location,Der Staat hat keine Kontrolle darber wer sich hier aufhlt und Warum Kugelbomben und Polizeipannen nicht unser Hauptproblem sind Hier sind Leute unterwegs die uns verhhnen und verspotten,2025-01-08 11:54:37+00:00,0,0,de
PYRO_STAFF,no_location,Nico Bengalfeuer von Norma,2025-01-08 11:53:06+00:00,0,0,de
bundesnews1,Berlin,Deutsche Nationalhymne August Heinrich Hoffmann von Fallersleben,2025-01-08 11:38:07+00:00,9,12,de
MaxeBauman8205,Deutschland,schlgt vor zu dafr zentralegesteuerte zu ttigenUnd wieder diktiert unser ffentliches Leben Jahrzehntelang ging Silvester gutSeit paar Jahren nicht mehr,2025-01-08 11:35:40+00:00,0,0,de
GianlucaMonz,"K√∂ln, Deutschland",In der Silvesternacht sollen junge Mnner mit arabischen Wurzeln in Mailand junge Frauen sexuell belstigt haben Ein Video zeigt wie die Frauen versuchen die Mnner abzuwehren und in Trnen ausbrechen,2025-01-08 11:32:26+00:00,0,0,de
LaLobaHH63,"Hamburg, Deutschland",Bei uns in der Umgebung wohnen viele verschiedene Kulturen Die jungen sind meist in Gruppen unterwegs Die n sind dabei meist in der Unterzahlt passen sich den Mnnern mit MiHiGru an bernehmen deren AnsichtenVerhalten Das ist nicht immer gut,2025-01-08 11:25:18+00:00,0,0,de
DYL_Ulenspiegel,"Braunschweig, Deutschland",WDRaktuell Klar Schuld sind immer die anderen nicht die Politiker die von den jammernden Wirten und Anwohnern gewhlt werden,2025-01-08 11:01:15+00:00,0,2,de
Scalpdate,no_location,Long SYSTEMUPDATE,2025-01-08 10:00:07+00:00,0,0,en
KappaAlphaPhi,no_location,What really happened on at Port were fired Children were crying,2025-01-09 14:56:33+00:00,0,0,en
levlupde,"G√∂ttingen, Deutschland",Immer eine gute Alternative,2025-01-09 13:57:00+00:00,0,3,de
NordischePost,Germany,Zwei Briefksten durch Feuerwerksraketen beschdigt Polizei sucht Zeugen,2025-01-09 10:00:49+00:00,0,0,de
UweJelting,Ostfriesland,Es wird immer absurder Bllerfhrerschein,2025-01-09 06:48:56+00:00,0,1,de
Ithiliya,"Niedersachsen, Deutschland",Eine Petition fr ein in ganz Deutschland,2025-01-08 22:00:24+00:00,0,2,de
PanamaPictures1,no_location,POV Linksautonome beschieen Polizisten am Tag der Rumung in Ltzerath mit Pyrotechnik Foto Christoph Hardt Panama Pictures,2025-01-08 21:32:02+00:00,0,0,de
thomas_hocke,"Berlin, Deutschland",Nach der Der irgendwie komische Herr Kommentar,2025-01-08 18:18:03+00:00,0,0,de
xSaxtoniX,Deutschland,Die Geschehnisse in Berlin zu Silvester noch mal in ein Video,2025-01-08 15:40:13+00:00,1,5,de
17Ziele,"Bonn, Deutschland",Silvester sorgt jhrlich fr Begeisterung aber ist es noch zeitgem knnen genauso schn sein wie klassische Raketen Auch nach nachhaltigen FeuerwerkAlternativen wird bereits geforscht,2025-01-08 14:45:38+00:00,0,0,de
6bot7Unimatrix,no_location,ArnoNymuski spaceloop23 bahngeschaedigt bzberlin LWojdowska Will dich nicht damit nerven oder spammen Aber ich habe die von jetzt soweit fertig Hier einfach fr dein Archiv Gruss,2025-01-08 13:32:02+00:00,0,0,de
PYRO_STAFF,no_location,Nico Bengalfeuer von Norma,2025-01-08 11:53:06+00:00,0,0,de
schoeneswetterc,no_location,Schlagzeilen 8 Januar 2025 Grne Trume Sind es jetzt schon 2 Millionen Befrworter fr ein Bllerverbot Das wir unkontrollierbaren Migranten zu verdanken haben Hat das Ganze einen weiteren Hintergrund Hat man Angst vor,2025-01-08 07:35:31+00:00,0,2,de
MacChillB,Berlin,will das der Staat alles regelt kein individuelles Recht auf mehr nur noch der Staat darf dann Feuerwerk machen SOZIALISMUS IST SCHEISSE,2025-01-08 06:18:17+00:00,0,0,de
Encilai,"Weyhe, Deutschland",Seit 31 Jahren zum ersten Mal bei diesem gesehen dass es Raketen auch ohne den Plastikstpsel gibt Warum war das nicht schon frher so Das spart Plastik und ist auch einfacher,2025-01-08 00:31:47+00:00,0,0,de
saschaboettcher,Heidelberg,New Years Fireworks in,2025-01-07 15:50:27+00:00,1,2,en
TomSchnee2,In der N√§he von Essen.,Er gehrt zu den Einsatzkrften und redet Klartext auch in Richtung politischer Entscheidungstrger An sind Einsatzkrfte von und Hilfsorganisationen massiv mit angegriffen worden,2025-01-07 15:43:04+00:00,0,0,de
Ole1047391,Latvia,Warum sollten Knallkrper verboten werden der Tiere beeintrchtigt,2025-01-07 13:31:11+00:00,0,0,de
NewsTicker360,Mein aktueller Linktipp ,Zur Vermeidung von mglichen politischen wre ein Verbot von wie und durchaus sinnvoll,2025-01-07 12:25:20+00:00,0,1,de
Sabeth_Pademira,Hamburg. Heimat: Heidelberg,Nein ich sehe darin Silvester bzw Bller Lrm Mll Gestank Betrunkene siehe bei sogen Volksvergngen keinen Spa schon gar keine Freude absolut nichts Wohltuendes Schnes Erfreuliches,2025-01-07 11:21:46+00:00,1,0,de
tsb426yvff,"Hessen, Deutschland",Vermutlich haben Frau Faeser und Herr Scholz den Bezug zum echten Leben verloren spdde,2025-01-07 09:27:17+00:00,0,0,de
KontraA64,no_location,Ich hoffe das das 20252026 verboten ist,2025-01-07 08:04:36+00:00,0,0,de
lufticus,Immer bei Dir,MOstermann Es ist keine Lsung aber wir kommen nicht umhin die Polizei vorerst zu schtzen Das Problem als solches ist ein multiethnischer Konflikt der zum Krieg fhren kann Deswegen braucht man unbedingt eine prakmatische Regierung welche die Gefahr erkennt und bannen kann,2025-01-07 06:50:20+00:00,0,1,de
pbathon12,no_location,Er schoss Feuerwerk in Wohnung Polizei nimmt arabischen Influencer fest Opera News Official,2025-01-07 01:06:34+00:00,0,0,de
ViperV111,no_location,Wer htte das gedacht Und worber wird diskutiert ist Lebensfreude Darum Berlin Fast 40 Prozent der SilvesterTter ohne deutschen Pass,2025-01-06 23:36:59+00:00,0,2,de
Baumpilot1,Schleswig-Holstein,Storchi MOstermann WAS spricht denn dagegen mal 1 2 o 4 Jahre Verkauf u Abbrennen v priv zu verbieten zentrale Veranstaltungen anzubieten mehr auf zu setzen und DANN zu ziehen Dann neu bewerten u entsprechend reagieren,2025-01-06 22:42:39+00:00,0,1,de
Zweitversuch,Germany,GdPHauptstadt dpa Tagesspiegel tagesschau ZDF FunkeBerlin WELTAMSONNTAG RTLcom sat1 berlinerzeitung SZ Weil ihr Saftnasen unfhig seid kommt ihr mit Verboten Schade dass man Dummheit nicht verbieten kann Berlin Fast 40 Prozent der SilvesterTter ohne deutschen Pass,2025-01-06 22:25:28+00:00,0,0,de
SingleLebenDe,"Deutschland, Germany",faznet Vielleicht sollten wir mal nach der Ursache fragen wurde frher weniger Feuerwerk produziert und verkauft oder sind Feuerwerks Schtzen verantwortungsloser geworden Es sollte in Deutschland jedes Problem mit einem Verbot gelst werden,2025-01-06 21:10:28+00:00,0,0,de
CityReport,Deutschland,Feuerwerksbatterie in Wohnung gezndet,2025-01-06 18:42:54+00:00,0,0,de
wochenblattnews,Aulendorf,19 Millionen Menschen fordern Bllerverbot,2025-01-06 18:41:07+00:00,0,0,de
Evelknevel1311,Deutschland,unblogd Also ich bin fr ein in alles und mit mehr als 15000 Da die offenbar nicht mit umgehen kann wre das eine Die kann es offenbar daher,2025-01-06 17:46:01+00:00,0,0,de
AndreasFiebig1,Ost,GdPHauptstadt dpa Tagesspiegel tagesschau ZDF FunkeBerlin WELTAMSONNTAG RTLcom sat1 berlinerzeitung SZ Deutschland kann wohl nur noch verbieten weil ihr die Stdte nicht unter Kontrolle bekommt Was ist das denn fr eine Demokratie Wir auf dem Lande feiern friedlich mit Und nebenbei 83 Millionen haben n i c h t fr ein gestimmt Eine echte Mehrheit,2025-01-06 17:02:52+00:00,0,0,de
1Osceola,no_location,BARMERAnalyse Silvesterunflle werden immer seltener,2025-01-06 15:03:02+00:00,0,1,de
schwabe_willi,no_location,GdPHauptstadt Hey GdP Berlin GdPHauptstadt wenn ihr euch sooo wichtig macht mit Petition Denkt mal drber nach,2025-01-06 13:56:29+00:00,0,0,de
MaximLitwinow,Dresden/Olgino/lakhta/Sachsen,Wenn es so eng steht kann es schon mal vorkommen dass zu Silvester beim kein mehr fr brig ist Man spart um am 0905 etwas Butter auf dem Tisch zu haben,2025-01-06 13:46:45+00:00,0,0,de
UlrichManns,no_location,Ich bin fr ein Verbot Dann kann da auch nichts mehr passieren,2025-01-06 13:34:13+00:00,0,1,de
ExplosivSpirit,Berlin,das die Forderung nach einem bundesweiten als irgendwie komisch bezeichnet zeigt das Scholz irgendwie komisch ist Ihm sind die Opfer egal er schielt auf Whlerstimmen Auch das verantwortunsgsbewusste schadet Menschen Tieren Umwelt,2025-01-06 13:16:36+00:00,1,10,de
JKasek,Leipzig,Die Debatte zum Verbot von gibt es in auch schon ein bisschen Der Stand zur Umsetzung seitens der Stadt ist hier nachlesbar,2025-01-06 12:54:24+00:00,0,0,de
marillion13,"Baden-W√ºrttemberg, D",von wer wie ich kein Handy hat kann hier ber ein abstimmen Ich wre dafr in vielen anderen Lndern ist privates strikt verboten DasErste,2025-01-06 12:02:53+00:00,1,1,de
tk38548,Deutschland,Meinet wegen verbietet ihr Fahr ich hal nchstes Jahr ins Ausland znde da Feuerwerk und poste berall wie wunderschn doch das Ausland im Vergleich zu kack Deutschland ist,2025-01-06 11:03:34+00:00,0,0,de
LSJonline,"Bayern, Deutschland",Mit ber einer Million gesammelten Unterschriften hat der Vorsto fr ein Bllerverbot bereits groe Resonanz gefunden Alles dazu in den Nachrichten im LSJonlineMittagsmagazin,2025-01-06 11:00:02+00:00,0,0,de
bottleneck_bob,Hamburg,ZDFheute Fr gesprochenen Wrter und Dinge die Dich heute rechtsextrem geltend machen und zu verurteilung fhren knnten mit Adler,2025-01-06 10:14:04+00:00,0,0,de
trendingsurf,no_location,01062025 Whats the Hottest movie in Germany of News amp Politics Berlin360 Check out the REAL YouTube trends here,2025-01-06 09:30:34+00:00,0,0,en
schlorian,"Z√ºrich, Schweiz",Alles hat auch gute Seiten,2025-01-06 08:41:47+00:00,0,1,de
berlinerzeitung,"Berlin, Deutschland",In der Silvesternacht wurden erneut Polizisten mit angegriffen und verletzt Eine fr ein erreichte ber eine Million Unterschriften,2025-01-06 08:34:00+00:00,2,25,de
mahmoud_hamdy45,no_location,Explore Abu Dhabis rich traditions and modern vision with the Department of Culture and Tourism at AIM Congress 2025,2025-01-06 07:42:43+00:00,0,0,en
cramesco_cc,Earth,Ist Silvester zu einem Synonym fr Stupiditt verkommen Knaller amp Bller immer doofer amp dmmer Der Staat in Form von Polizei UND Justiz mu statt mte hrter sanktionieren PseudofeuerwerksIdioten ruinieren so manche Silvesterparty,2025-01-06 05:14:23+00:00,0,1,de
MoskitoSix27921,no_location,Zahlreiche Brnde durch Familie verliert Zuhause Rund um den Jahreswechsel ist Feuerwehr in zu mehreren Hundert Einstzen ausgerckt Der Schaden durch Brnde geht in die Millionen Feuer Jihad,2025-01-05 22:07:02+00:00,0,0,de
Hooperman19,no_location,VasiFranco Ich bller seit Jahren nicht Aber fr 20252026 mchte ich alles rausholen was geht Vor oder Haus Das wei ich noch nicht,2025-01-05 18:53:57+00:00,0,3,de
LabetzkeMichael,Bremerhaven,Angesichts ber einer Million Unterzeichnerinnen ist klar Das Bllerverbot muss kommen Und kommt mir nicht mit Tradition oder anderen Ausreden Petition DieGruenen PolizeiGruen BDKBund GdPPresse,2025-01-05 17:44:10+00:00,1,4,de
Pixelnase,Frankfurt - Germany,Es hatte schon seinen Grund dass auf den Feuerwerkskrpern Verkauf nicht an Minderjhrige draufstand Dieses neue Klientel hat nicht mehr Gehirnzellen als ein 5jhriges Kind,2025-01-05 17:43:28+00:00,0,0,de
LotharUlsamer,"Esslingen, Baden-W√ºrttemberg",Das SilvesterRitual Tote Verletzte Brnde verngstigte Tiere Feinstaub Politik drckt sich um ein Bllerverbot,2025-01-05 16:44:35+00:00,0,0,de
Gatekeeper_one,"55.20005,12.22796",Warum Weil es an den Personen liegt die das bedienen In Polen gibt es auch keine auf etc Warum,2025-01-05 16:22:26+00:00,0,0,de
Leo_nie_Bruder,Lateinamerika ist auch sch√∂n,FrauHodl GdPHauptstadt dpa Tagesspiegel tagesschau ZDF FunkeBerlin WELTAMSONNTAG RTLcom sat1 berlinerzeitung SZ macht sich unfreiwillig zum einer en Agenda ist nicht das Problem sondern in den Hnden der der Das wird Ihre nicht morgen nutzen sie evtl bereits schwere Abhilfe geht anders,2025-01-05 15:11:00+00:00,0,4,de
PeterSchwarz11,Beckingen/ Saar,Mit vielen Feiernden und groem ist berwiegend friedlich in d Jahr 2025 gestartet Im Hamburger Stadtteil geraten Feuerwehrleute u Feiernde aneinander Die Feuerwehr berichtet von einem Angriff mit Feuerwerkskrpern,2025-01-05 15:02:54+00:00,0,0,de
BruggemannHeike,no_location,Der Beitrag zeigt wie gefhrlich sind und dass man nur fr Private zugelassene kaufen sollte Aufklrung ist ebenfalls wichtig Besprecht das Thema mit euren Kindern im Verein in der Schule,2025-01-05 14:51:24+00:00,0,1,de
ConR19989810,no_location,Ein Bllerverbot bringt nichts da die problematischen Artikel meist F4 waren nicht F1F2 Als friedlicher Pyro der jedes Jahr ein groes sicheres F2Feuerwerk organisiert fr sein Dorf finde ich das ungerecht und unverhltnismig,2025-01-05 13:39:02+00:00,0,0,de
Inga_Ruppender,no_location,Hrte in der in Berlin ArtillerieKanonenschlge Von wem oder was wurde eingenommen Ich fordere fr die Zivilbevlkerung fr kommende Jahreswechselfeiern,2025-01-05 10:45:57+00:00,0,0,de
DieterTillmann,Assholevillage,patr28145 FazerDDorf Lam3th Nicht von dem o dem geht die Gefahr aus Sie geht von dem aus der das Messer fhrt bzw das Feuerwerk in Rtg MenschenGebude zndet Wir lsen das nicht mit Verboten sondern mit AbschiebungBestrafung,2025-01-05 09:13:25+00:00,0,1,de
blaubeerblau2,liminal space,squirrelpics1 Wre es nicht wesentlich sinnvoller den Verkauf von zu verbieten,2025-01-05 09:13:25+00:00,0,1,de
AndreasMaisch,Berlin,Sinnvolle fr ein bundesweites Bllerverbot In der ChaotenStadt wre ein Bllerverbot sinnvoll stattdessen knnten die Bezirke professionelles ausrichten,2025-01-05 09:03:48+00:00,0,1,de
Braswyn0xr,Prague,Starting 2025 surrounded by Madeiras stunning volcanic beauty a perfect way to ignite fresh goals Smith,2025-01-05 05:07:47+00:00,0,0,en
DrakoonLP,no_location,Liked on YouTube Pyro Launcher Abschussbecher Vogelschreck amp Ratterpatronen,2025-01-05 03:45:34+00:00,0,0,de
PachT1945,Erfurt-Melchendorf,050125 amp statt das ist geistige via PachT,2025-01-05 03:15:39+00:00,0,1,de
AsterixohneA,Deutschland,Hallo 2025 Canon 90D Canon EFS 18 135 mm Shutter 45 BULB o Stativ Blende 10 ISO 400,2025-01-05 01:35:30+00:00,0,0,en
612Mondkalb,no_location,Nur ne Nacht wusste ich doch war dabei,2025-01-04 23:12:19+00:00,0,0,de
FrankPu10,Deutschland,CScharun Was hat bitte das eine mit dem anderen zu tun Was juckt es denn diese Leute ob es ein Bllerverbot gibt oder nicht die werden sich trotzdem ihr eigenen Bller basteln oder illegale aus dem Ausland znden Httest du dir sparen knnen den Post,2025-01-04 23:01:26+00:00,0,1,de
FehringerMartin, üá©üá™üá®üá≠üá¶üáπüá∫üá∏üá™üá∫,Richtig so schoss in RaketenRambo festgenommen Wann lernt die clindner und FriedrichMerz,2025-01-04 20:31:54+00:00,0,3,de
Hotfogel,no_location,Der mit anzndende luft wie viele andere seinesgleichen in weier flauschiger Oberbekleidung herum wie ein sowas von cleanes Unschuldslamm Aber was hat er im Kopf,2025-01-04 20:06:45+00:00,0,0,de
info_bitte,everyplace,Attalah Younes schoss in Kinderzimmer festgenommen Kaum vorstellbar da man den Typen festgenommen htte wenn nicht das Rechtsbewusstsein der vielen Millionen Menschen in die Behrden zum Handeln gezwungen htte,2025-01-04 18:45:28+00:00,0,1,de
ms_clueless1,no_location,Das sind doch mal gute Nachrichten wurde verhaftet als er sich vom Acker machen wollte,2025-01-04 18:29:38+00:00,0,3,de
Greider_Ger,no_location,bzberlin Vielleicht sollten besser die Talahons verboten werden und nicht das bei Lidl und Aldi verkaufte,2025-01-04 18:06:14+00:00,0,2,de
Ka_Meier,no_location,Neujahrsempfang bei d Was hngen bleibt der MP hatte am Bu u Bettag Besuch von einem freiberuflichen Vertreter d SachsenEnergie u d OB htte es eigentlich gut gefunden wenn d explodiert wre weil dann d schneller weg wre,2025-01-09 18:31:51+00:00,1,4,de
AntonLauner,Dresden,Die Geschehnisse des Tages in der Zusammenfassung,2025-01-09 15:02:52+00:00,0,0,de
Mr__Captcha,"Hennigsdorf, Deutschland",BerndFischel Da sie wohl britischen Ursprungs war Arthur Harris did it again,2025-01-09 12:16:38+00:00,0,0,de
IkbenHansie,"'t Gooi, Nederland üá≥üá± üá™üá∫ ",an in,2025-01-09 10:00:19+00:00,0,1,en
sladade,"Dresden, Sachsen",In Dresden standen gerade 14 Strassenbahnen zwischen dem Hauptbahnhof und der Lennstrasse im Stau,2025-01-09 09:22:45+00:00,2,22,de
QPark_DE,no_location,Fliegerbombe in Dresden ab 9 Uhr Entschrfung Bis 900 Uhr mssen alle Personen das Sperrgebiet verlassen Das Sperrgebiet betrifft ua alle drei QPark Objekte Altmarkt Frauenkirche Neumarkt Haus Postplatz Vielen Dank und bleibt sicher,2025-01-09 06:49:36+00:00,1,3,de
Lodenstwitt,Ore Mountains,Also ich frage mich schon wie die da hin gekommen ist bei der in niemand sonst Lag die in der oder im zur Das wird irgendwie gar nicht besprochen,2025-01-08 22:11:38+00:00,1,2,de
cyan_rk,100K km entfernt,Wie praktisch an der eingestrzten Bei Abbrucharbeiten wurde am Mittwoch eine gefunden,2025-01-08 18:51:27+00:00,2,1,de
PishnurgPumm,no_location,Schon wieder,2025-01-08 17:29:10+00:00,0,1,de
wyschilgod2019,no_location,an 10000 im betroffen 08 Januar 2025 1816 Uhr,2025-01-08 17:24:59+00:00,0,0,de
HeikeOlga,Niedersachsen emsland,Jetzt noch,2025-01-08 15:54:50+00:00,0,2,de
bahn_ecki,no_location,Das ist ein Radius von 1 km rund um die gefundene Bombe an der Carolabrcke der wahrscheinlich evakuiert werden muss ohne Gewhr,2025-01-08 14:23:29+00:00,0,8,de
jannikkel6,Berlin,bei Abrissarbeiten an in gefunden ber updayDE gesendet,2025-01-08 10:17:10+00:00,0,0,de
9Incide,Berlin,in fhren wie im mit zerstren Gebude beschieen Passanten greifen an DieGruenen BLOCKIEREN AUSWEISUNGEN untersttzen damit islamistischen Terror in VERURTEILEN ISRAEL,2025-01-04 08:06:32+00:00,0,0,de
pat4reason,"Hamburg, Deutschland",Wenn es die von X nicht gbe wrden Menschen glauben Elektroautos wrden derart explodieren auch ohne darin Welch ein Brendienst des ZDFheute am nur um Zwietracht zu sen Was ein Portal das ZDF doch ist Pfui,2025-01-03 15:27:42+00:00,0,0,de
lud_nrw,NRW / Germany,Die SALTED die die Welt beenden knnte,2025-01-03 14:34:34+00:00,0,1,de
HeinzK_Berlin,no_location,Offenbar auf in Laut Polizei ist am Donnerstag auf der Polizeistation in ein unbekannter Gegenstand explodiert 2 verletzt einer schwer Mehr Details werden nicht genannt,2025-01-03 08:55:29+00:00,0,0,de
