username;location;tweet_text;created_at;retweets;likes;language;Foreigner
_FalkoS_;Pinneberg;VasiFranco Ich finde es sehr merkwrdig dem hier die Schuld in die Schuhe zu schieben Es kann nicht sein was nicht sein darf Benennen Sie Ross amp Reiter;06.01.25 14:35;0;0;de;NO
_Selbstdenker__;no_location;2 junge Frauen werden an von einer Horde bedrngt und versuchen zu flchten Hier live zu sehen Europa ist verloren Unsere Kinder wachsen in Angst auf;08.01.25 14:03;0;0;de;NO
17Ziele;Bonn;Silvester sorgt jhrlich fr Begeisterung aber ist es noch zeitgem knnen genauso schn sein wie klassische Raketen Auch nach nachhaltigen FeuerwerkAlternativen wird bereits geforscht;08.01.25 15:45;0;0;de;NO
1Osceola;no_location;BARMERAnalyse Silvesterunflle werden immer seltener;06.01.25 16:03;0;1;de;NO
26fatih;eşkişehir;The UAE Banks Federation and AIM Congress 2025 are joining forces to shape the future of banking and financial innovation;06.01.25 07:22;0;0;en;YES
612Mondkalb;no_location;Sie lügen wie gedruckt Doppelte Staatsbrgerschaft wird nie beachtet;08.01.25 12:36;0;0;de;NO
612Mondkalb;no_location;Nur ne Nacht wusste ich doch war dabei;05.01.25 00:12;0;0;de;NO
6bot7Unimatrix;no_location;ArnoNymuski spaceloop23 bahngeschaedigt bzberlin LWojdowska Will dich nicht damit nerven oder spammen Aber ich habe die von jetzt soweit fertig Hier einfach fr dein Archiv Gruss;08.01.25 14:32;0;0;de;NO
9Incide;Berlin;in fhren wie im mit zerstren Gebude beschieen Passanten greifen an DieGruenen BLOCKIEREN AUSWEISUNGEN untersttzen damit islamistischen Terror in VERURTEILEN ISRAEL;04.01.25 09:06;0;0;de;NO
a_lensen;no_location;amp Wissenschaft frdern die Gesundheit von und;09.01.25 15:17;0;0;de;NO
abigail_abiitha;no_location;Get ready for unparalleled coverage of AIM Congress 2025 thanks to our collaboration with WAM 2025;03.01.25 09:52;0;0;en;NO
aixrad;no_location;der Gewerkschaft der zum;05.01.25 10:57;0;0;de;NO
aktiennews_com;aktiennews_com;Sind wir wirklich Weltmeister im Krankmachen Studie zeigt berraschende Ursachen fr Rekordzahlen;09.01.25 16:00;0;0;de;NO
Aleonor_al;no_location;Fuball und Der Staat erlaubt Mnnern Aggressionen in der Gesellschaft auszuleben Doch die Quoten der huslichen Gewalt sinken nicht Versteht ihr Was wre wenn Frauen Demokratische Wahlen boykottieren wrden Hm Wie fndet ihr das Patrizier;03.01.25 12:03;0;0;de;NO
Anarchixel;no_location;Hier ein kurzes Video zum Thema Arthrose Viel Spa beim Ansehen;09.01.25 11:47;0;0;de;NO
andreas43452653;no_location;NancyFaeser Gibt es Zahlen zu bei denen Personen ohne vorhandene ohne Pass die deutsche Staatsangehrigkeit bekommen haben Ach bei einigen neuen Deutschen ist es mglich dass diese nach der Verleihung kriminell werden;08.01.25 21:51;0;0;de;NO
AndreasFiebig1;Ost;GdPHauptstadt dpa Tagesspiegel tagesschau ZDF FunkeBerlin WELTAMSONNTAG RTLcom sat1 berlinerzeitung SZ Deutschland kann wohl nur noch verbieten weil ihr die Stdte nicht unter Kontrolle bekommt Was ist das denn fr eine Demokratie Wir auf dem Lande feiern friedlich mit Und nebenbei 83 Millionen haben n i c h t fr ein gestimmt Eine echte Mehrheit;06.01.25 18:02;0;0;de;NO
AndreasMaisch;Berlin;Sinnvolle fr ein bundesweites Bllerverbot In der ChaotenStadt wre ein Bllerverbot sinnvoll stattdessen knnten die Bezirke professionelles ausrichten;05.01.25 10:03;0;1;de;NO
AndreasW1739623;no_location;niusde Wie weit ist man eigentlich bei der Polizei mit der Verfolgung der Beamten die interne Informationen zu bevorstehenden Hausdurchsuchungen vorzugsweise bei Regierungskritikern vorab illegalerweise an die Presse weitergeben Ich frage fr einen Freund;09.01.25 12:09;0;0;de;NO
AntonLauner;Dresden;Die Geschehnisse des Tages in der Zusammenfassung;09.01.25 16:02;0;0;de;NO
AOKNordWest;Dortmund;Vor Arbeitsbeginn zwischendurch oder nach Feierabend etwas fr die eigene den Geldbeutel und die tun Nach Abschluss der landesweiten Aktion zieht die ein positives Fazit fr;09.01.25 10:30;0;6;de;NO
ArkanumSolution;no_location;Rezept fr dauerhaftes krperliches geistiges und seelisches Wohlbefinden;09.01.25 16:39;0;0;de;NO
AsterixohneA;Deutschland;Hallo 2025 Canon 90D Canon EFS 18 135 mm Shutter 45 BULB o Stativ Blende 10 ISO 400;05.01.25 02:35;0;0;en;NO
Augustin67278;no_location;NoAFDBTW25 Doof ist dass die von dir naiv hofierten mit Migrationshintergrund die Problembren beim sind Indigene Jugendliche gibt es ja fast nicht mehr Das Problem sind nicht die die Messer oder Autos Das Problem sind die wie sie anonym genannt werden;03.01.25 22:11;0;0;de;NO
AviationDirect_;no_location;Studie warnt Nchtlicher Fluglrm erhht das Risiko fr HerzKreislaufErkrankungen und Schlafstrungen in;09.01.25 09:09;0;0;de;NO
Azadi77;🇩🇪;Nun sind vorbeiAber den hier vergesse ich niemals Was fr ein Psychopath Er zndete ein Bller in der Vagina seiner EX anwie krank muss ein Mensch seinum berhaupt auf so eine Idee zu kommen;08.01.25 15:04;0;7;de;NO
b_sappek;no_location;gegen ein wre nicht kontrollierbar Was fr ein Quatsch Wir haben ein gibt auch keinen igen Schutz aber es hilft 5 Tote zig Verletzte Seht hin schaut hin amp hrt zu amp wacht auf amp werden als eingesetzt;04.01.25 10:09;1;2;de;NO
bahn_ecki;no_location;Das ist ein Radius von 1 km rund um die gefundene Bombe an der Carolabrcke der wahrscheinlich evakuiert werden muss ohne Gewhr;08.01.25 15:23;0;8;de;NO
Baumpilot1;Schleswig-Holstein;Storchi MOstermann WAS spricht denn dagegen mal 1 2 o 4 Jahre Verkauf u Abbrennen v priv zu verbieten zentrale Veranstaltungen anzubieten mehr auf zu setzen und DANN zu ziehen Dann neu bewerten u entsprechend reagieren;06.01.25 23:42;0;1;de;NO
bellarocca21;berlin;es knallt seit stunden ich male bin allein mezzanotte knips ich nach gegenber es ist nicht viel zu sehen auf dem foto aber ich finde es stimmig;09.01.25 17:49;0;1;de;NO
BeobachterRat;Zürich;CBDProdukte mit Risiken Wiederverkauf in der Schweiz verboten;09.01.25 17:00;0;0;de;YES
berlinerzeitung;Berlin;Adipositas tdliche Prionenkrankheiten Hitzestress Mangelernhrung Forscher wollen vielfltige gesundheitliche Bedrohungen bekmpfen Diese elf klinischen Studien knnten 2025 die Medizin prgen;09.01.25 18:02;0;4;de;NO
berlinerzeitung;Berlin;Eine Silvesterrakete explodierte auf dem Balkon von des des Berliner Musikers Adam Harzuf Danach brannte seine Wohnung aus Er ist nicht versichert;09.01.25 12:12;15;53;de;NO
berlinerzeitung;Berlin;In der Silvesternacht wurden erneut Polizisten mit angegriffen und verletzt Eine fr ein erreichte ber eine Million Unterschriften;06.01.25 09:34;2;25;de;NO
BertiEster;no_location;Lead the Way in Financial Innovation Showcase your contributions to fintech digital banking and sustainable finance at the prestigious Future Finance Awards 2025;07.01.25 15:43;0;0;en;NO
BesserwisserK;Deutschsprachig;8 Januar 2025 Tag des Treppensteigens Am zweiten Mittwoch im Januar 2025 also am 8 Januar findet jedes Jahr der Tag des Treppensteigens National Take the Stairs Day statt;08.01.25 21:00;0;2;de;NO
Blasenentz35810;no_location;Schnell Schmerzfrei bei Blasenentzndung Unser bewhrtes Mittel wirkt schnell amp effektiv Sag Nein zu Beschwerden;08.01.25 19:01;0;0;de;NO
Blasenentz60542;no_location;Blasenentzndung Nicht mit uns Hol dir schnelle Linderung und fhl dich endlich wieder wohl Jetzt mehr erfahren;08.01.25 19:31;0;0;de;NO
blaubeerblau2;liminal space;squirrelpics1 Wre es nicht wesentlich sinnvoller den Verkauf von zu verbieten;05.01.25 10:13;0;1;de;NO
BlauesKreuzBern;Bern;Gute Nachricht fr alle Rauchenden Bereits kurz nach dem verbessert sich die;08.01.25 19:25;0;0;de;NO
blaulichtzecke;no_location;Der hoffentlich letzte Nachklapp zum Thema Insbesondere im Interesse der Verletzten ist zu hoffen dass die Ermittlungen der in den eigenen Reihen zum Erfolg fhren;03.01.25 20:46;4;17;de;NO
BlnTales;Berlin;Sollte die polizeiberlin nicht besser gegen diejenigen ermitteln die euch und andere Helfer angegriffen haben und aus einen Kriegsschauplatz gemacht haben Stattdessen ermittelt man nun ernsthaft wer die Namen durchgestochen hat niusde;08.01.25 22:08;0;0;de;NO
bottleneck_bob;Hamburg;ZDFheute Fr gesprochenen Wrter und Dinge die Dich heute rechtsextrem geltend machen und zu verurteilung fhren knnten mit Adler;06.01.25 11:14;0;0;de;NO
Braswyn0xr;Prague;Starting 2025 surrounded by Madeiras stunning volcanic beauty a perfect way to ignite fresh goals Smith;05.01.25 06:07;0;0;en;YES
BruggemannHeike;no_location;Der Beitrag zeigt wie gefhrlich sind und dass man nur fr Private zugelassene kaufen sollte Aufklrung ist ebenfalls wichtig Besprecht das Thema mit euren Kindern im Verein in der Schule;05.01.25 15:51;0;1;de;NO
Bugsbanna1;no_location;BllerTod in Hamburg Kugelbombe ttet KarateMeister an Silvester;05.01.25 10:14;0;0;de;NO
bundesnews1;Berlin;Deutschland hat ein NaziProblem Jette Nietzard hat wohl ein Mnner Problem Die Migranten Asylbewerber oder Ukraine sei das Problem Ich konnte mich nicht halten vor lachen;03.01.25 14:07;2;3;de;NO
bundesnews1;Berlin;Deutsche Nationalhymne August Heinrich Hoffmann von Fallersleben;08.01.25 12:38;9;12;de;NO
BundesXpress;no_location;TomBayou Israel wurde als Versuchslabor bezeichnet weil es mit moderner Gesundheitsinfrastruktur und digitalisierten Patientendaten schnelle Erkenntnisse ber die Wirkung der Impfstoffe gewinnen konnte ein strategischer Vorteil kein Nachteil;09.01.25 00:11;1;3;de;NO
bvpraevention;Bonn;Das Projekt fr alle der Landeszentrale fr in RheinlandPfalz untersttzt amp Partnerinnen aus den dabei Menschen in schwieriger sozialer Lage mit prventiven Angeboten zu erreichen Mehr;09.01.25 07:24;1;2;de;NO
ByEvin31;Deutschland;Was haben die was wir nicht haben;06.01.25 17:09;0;0;de;NO
bzberlin;Berlin;Attalah Younes 24 feuerte in der eine Rakete ab die durch ein Fenster in ein Kinderzimmer flog und explodierte Jetzt landete er dafr vorerst in der Zelle;04.01.25 22:45;30;215;de;NO
bzberlin;Berlin;Jetzt doch Berliner SPD fordert;09.01.25 16:58;0;4;de;NO
Carsten_Fi;no_location;Schusswaffen und Messer verbieten aber einmal im Jahr unbegrenzt Sprengstoff im ALDI kaufen ist okay;04.01.25 14:41;0;1;de;NO
CashFloh;no_location;Angesichts von 5 Toten vielen Schwerverletzten und Schden fr die Umwelt finde ich es dass NochKanzler Scholz ein Bllerverbot komisch findet Sprech des bildungsfernen Milieus und Anbiederung;05.01.25 14:43;0;0;de;NO
ChantalStadelm1;Luzern, Schweiz;Schtzt eure haltet euch konsequent von jeglichen lebensgefhrlichen der WHO SwissmedicBAG fern KarlLauterbach Sie gehren in den Knast fr ihre und SHomburg RealWsiegrist;09.01.25 18:49;0;1;de;YES
citius_fortius1;DACHI;KarlLauterbach Solange die 60000 auslndischen rzte mit keine Wohnungen in Brand setzen nicht mit Autos in fahren oder Menschen umbringen Alles bestens KarlLauterbach;03.01.25 16:57;2;84;de;NO
CityReport;Deutschland;Feuerwerksbatterie in Wohnung gezndet;06.01.25 19:42;0;0;de;NO
ClaudiagrLucian;no_location;BettinaJarasch Ach das Bllerverbot soll also Sicherheitskrfte usw schtzen Was stimmt bei euch im Kopf nicht dass ihr nicht erkennen wollt dass es nicht die und die sind sondern die Menschen Ich fordere ein Verbot des Faschismus der;06.01.25 18:50;0;0;de;NO
claudihada;no_location;Revolutionize your logistics with insights from Bayers Johnny Ivanyi speaking on global supply chain resilience at AIM Congress 2025 PHNIX AKUMA;05.01.25 16:08;0;0;en;NO
ConR19989810;no_location;Ein Bllerverbot bringt nichts da die problematischen Artikel meist F4 waren nicht F1F2 Als friedlicher Pyro der jedes Jahr ein groes sicheres F2Feuerwerk organisiert fr sein Dorf finde ich das ungerecht und unverhltnismig;05.01.25 14:39;0;0;de;NO
cramesco_cc;Earth;Ist Silvester zu einem Synonym fr Stupiditt verkommen Knaller amp Bller immer doofer amp dmmer Der Staat in Form von Polizei UND Justiz mu statt mte hrter sanktionieren PseudofeuerwerksIdioten ruinieren so manche Silvesterparty;06.01.25 06:14;0;1;de;NO
cyan_rk;100K km entfernt;Wie praktisch an der eingestrzten Bei Abbrucharbeiten wurde am Mittwoch eine gefunden;08.01.25 19:51;2;1;de;NO
daniela_biela;Gondelsheim;numerusclaudius Wenn mich mir anschaue wie viele rechte Patrioten stolz mit einer Wagenladung fr 100e oder 1000e und dummen Sprchen im Internet posiert haben wrde ich sagen das hat lngst nicht nur mit Migration zu tun sondern mit mnnlichem Ego und viel;05.01.25 14:39;0;4;de;NO
DanjaminCraig;no_location;Frher war das lauteste an der Knall der Heute sind es die Sirenen der Vielleicht sollten wir mal drber nachdenken was hier schief luft;07.01.25 23:31;0;2;de;NO
de_ges_portal;Köln;Neue Studie zu Hilfe bei Schlafstrungen nach Krebs Zum kompletten Beitrag;09.01.25 14:05;0;1;de;NO
de_laare_X2;no_location;Silvester Magdeburg Mannheim Weder die noch die sind das Problem Das Problem sind die eigentlich gar nicht in Deutschland sein drften Das was wir gerade erleben ist das Erbe der linksgrnen Pfui Nie wieder;04.01.25 07:51;5;6;de;NO
DemokratieTroll;no_location;niusde Wir wissen jetzt dass zweidrittel der arabische oder trkische Namen haben Freiwillig htte die Polizei diese fr unser wichtige Erkenntnis ber die durch nicht rausgerckt um die Wirklichkeit zu vertuschen;09.01.25 16:20;0;0;de;NO
Dieter_Rakete;Hamburg;Das sind aber mal Schlagzeilen aus der WELT auf Polizisten Rufe nach hrterer Gangart gegen Tter So darf kein ruhiger Jahreswechsel aussehen Die Migrationspolitik in zu vielen Lndern ist vllig irre;05.01.25 10:19;0;0;de;NO
DieterTillmann;Assholevillage;patr28145 FazerDDorf Lam3th Nicht von dem o dem geht die Gefahr aus Sie geht von dem aus der das Messer fhrt bzw das Feuerwerk in Rtg MenschenGebude zndet Wir lsen das nicht mit Verboten sondern mit AbschiebungBestrafung;05.01.25 10:13;0;1;de;NO
Disputatorus;no_location;Dann sucht man sich eben einfach einen anderen Skandal Hauptsache es redet keiner mehr darber das grtenteils Migranten kaputt machen und es fr Rettungs und Sicherheitskrfte zur Hlle werden lassen;09.01.25 09:48;0;0;de;NO
Dollfuss_;Ofra ;JochenAndru1981 Ein Beamter mit Charakter und Anstand Meine Meinung PS Natrlich wussten wir alle das es sich nicht um Deutsche gehandelt hat Aber wir sind dem dankbar;09.01.25 15:22;0;2;de;NO
doubtfireai;Bulgarien;PushUps im Postpark Dein Boss Bitch Workout;09.01.25 13:10;0;1;en;YES
doubtfireai;Bulgarien;BJJ Boxen amp Berlin Mein krasses Jahr;08.01.25 17:59;0;0;de;YES
DrakoonLP;no_location;Liked on YouTube Pyro Launcher Abschussbecher Vogelschreck amp Ratterpatronen;05.01.25 04:45;0;0;de;NO
DUEREN_NEWS;Düren, Kreis Düren, NRW, DE;Sanierung von Haus 14 der LVRKlinik Dren startet;09.01.25 09:56;0;1;de;NO
DYL_Ulenspiegel;Braunschweig;WDRaktuell Klar Schuld sind immer die anderen nicht die Politiker die von den jammernden Wirten und Anwohnern gewhlt werden;08.01.25 12:01;0;2;de;NO
E_D_K_R;Peenemünde;Und ZACK auf einmal gruppendynamischer Prozess von RaketenRecep und FeuerwerkFurkan Matthias Helferich MatthiasMdbbester Mann im Bundestag;03.01.25 21:16;4;11;de;NO
e_munich;Bayern;nikitheblogger Es heisst im brigen im zugewanderten Buntland nicht mehr Sondern Asylvester Weitgehend friedlich So jetzt stimmts;08.01.25 16:22;4;37;de;NO
Einfach_Ela_;no_location;Einen besseren Beweis dass die Liste der Vornamen echt ist und dass man es vor der Bevlkerung lieber verbergen wollte dass die meisten deutschen Krawallmacher einen Migrationshintergrund haben kann es gar nicht geben;09.01.25 15:57;0;0;de;NO
EmpireOfX;Buenos Aires, Argentina;ulfposh Ich bin auerdem fr ein Schwimmbder Verbot Da gehts doch wegen der gleichen Klientel genauso ab Stck fr Stck nehmen wir uns selbst die Freiheiten und realisieren es nicht mal;06.01.25 17:17;3;38;de;YES
Encilai;Weyhe;Seit 31 Jahren zum ersten Mal bei diesem gesehen dass es Raketen auch ohne den Plastikstpsel gibt Warum war das nicht schon frher so Das spart Plastik und ist auch einfacher;08.01.25 01:31;0;0;de;NO
endthesealhunt;Germany;please RT EUwide ban on the sale of pyrotechnics for private purposes;09.01.25 19:38;0;0;en;NO
ErzaehlDochMal_;Deutschland;Mit wem hast du Silvester verbracht;08.01.25 20:16;0;0;de;NO
EUSchwerbehind1;Berlin;Krankenstnde Strukturelle Ursachen angehen statt riskanter Scheinlsungen;09.01.25 12:31;0;0;de;NO
EUSchwerbehind1;Berlin;196 Millionen Unterschriften fr Bllerverbot an Innenministerium bergeben;06.01.25 14:31;0;2;de;NO
Evelknevel1311;Deutschland;unblogd Also ich bin fr ein in alles und mit mehr als 15000 Da die offenbar nicht mit umgehen kann wre das eine Die kann es offenbar daher;06.01.25 18:46;0;0;de;NO
experten_Report;München ;Deutsche bleiben Vorsorgemuffel Die Deutschen nehmen Vorsorgeuntersuchungen oft nicht ernst zeigt eine reprsentative Befragung von DA Direkt Besonders Mnner und junge Menschen weisen groe;09.01.25 10:29;0;3;de;NO
ExplosivSpirit;Berlin;das die Forderung nach einem bundesweiten als irgendwie komisch bezeichnet zeigt das Scholz irgendwie komisch ist Ihm sind die Opfer egal er schielt auf Whlerstimmen Auch das verantwortunsgsbewusste schadet Menschen Tieren Umwelt;06.01.25 14:16;1;10;de;NO
ExpressFuchs;no_location;tagesschau Frau Faeser redet mir Zuviel und handelt aber nicht von Auslndern;05.01.25 13:56;0;0;de;NO
Faenos_tz;Liverpool;Madeiras serene beauty fuels my drive for a dynamic and adventurous 2025;05.01.25 15:50;0;0;en;YES
fanny1liy;黙れ ;Isarborn1 jannibal amp htten die auf belgische deutsche Frauen verhindert 40 arabische umzingeln attackieren auf der Piazza Duomo;08.01.25 23:56;1;1;de;YES
FehringerMartin; 🇩🇪🇨🇭🇦🇹🇺🇸🇪🇺;Richtig so schoss in RaketenRambo festgenommen Wann lernt die clindner und FriedrichMerz;04.01.25 21:31;0;3;de;NO
FHA567748127460;Deutschland;in Kugelbombe ttet an;05.01.25 10:21;0;0;de;NO
FloQuiRei;München ;Es msste jetzt landesweit Prozesse wg dieser hageln Die haben rcksichtslos Passanten Polizei amp Einsatzkrfte attackiert haben mutwillig schwere Krperverletzung amp Sachbeschdigung inkaufgenommen Keine Gnade;06.01.25 09:30;0;3;de;NO
FrankPu10;Deutschland;CScharun Was hat bitte das eine mit dem anderen zu tun Was juckt es denn diese Leute ob es ein Bllerverbot gibt oder nicht die werden sich trotzdem ihr eigenen Bller basteln oder illegale aus dem Ausland znden Httest du dir sparen knnen den Post;05.01.25 00:01;0;1;de;NO
gabonn;Bonn;Die Polizeigewerkschaft fordert mit einer ein bundesweites Knapp 15 Millionen Menschen haben unterzeichnet Fr den Eitorfer Feuerwerkshersteller Weco htte das Folgen GA;09.01.25 19:46;0;0;de;NO
Gatekeeper_one;55.20005,12.22796;Warum Weil es an den Personen liegt die das bedienen In Polen gibt es auch keine auf etc Warum;05.01.25 17:22;0;0;de;NO
gemusegurke;no_location;Natrlich kommt das System erwartungsgem mit Mehrheitlich Deutsche Alles Andere htte mich gewundert;07.01.25 12:01;0;1;de;NO
GesinnungsKanal;no_location;Moiraley1986 Karenztag ist okay wenn zum Ausgleich jeder von seinem Einkommen unabhngig von der Quelle auch in die gesetzliche Krankenkasse einzahlt;09.01.25 13:17;0;1;de;NO
GianlucaMonz;Köln;In der Silvesternacht sollen junge Mnner mit arabischen Wurzeln in Mailand junge Frauen sexuell belstigt haben Ein Video zeigt wie die Frauen versuchen die Mnner abzuwehren und in Trnen ausbrechen;08.01.25 12:32;0;0;de;NO
GoscheUff;no_location;Ich wrd ja so nen mal 1 Tag bei den Rettungskrften mitfahren lassendass die Idioten mal sehen was hier fr Arbeit geleistet wird;09.01.25 13:18;0;1;de;NO
Greider_Ger;no_location;bzberlin Vielleicht sollten besser die Talahons verboten werden und nicht das bei Lidl und Aldi verkaufte;04.01.25 19:06;0;2;de;NO
guardian_xcu;Wherever help is needed;Wohin man auch siehthrt Stress Wer Yoga Achtsamkeit und Meditation nichts abgewinnen kann sollte wenigstens ber die Ernhrung etwas ausgleichend einwirken;09.01.25 00:21;0;0;de;NO
gunnar_ror;Bayern ;dorisorchid Die sollten ein Gesetz zur pflicht vorschlagen Im ganze Osten wre ab nchstem Jahr;04.01.25 16:32;0;0;de;NO
HabakukProf;Ich seh euch alle;MdlBehrendt Was hat ein mit Auslndern zu tun;04.01.25 09:40;0;0;de;NO
Hajoax;no_location;Tagesspiegel Ich finde diese Liste interessant und aufschlussreichweil genau hier die namentlichenmigrantinischen Ursachen liegen und publiziert werden mssenInteressant auchKEINE asiatischen Migranten erkennbar;09.01.25 12:24;0;2;de;NO
Hakan61018221;no_location;AIM Congress 2025 is your opportunity to explore the future of business powered by the booming ecommerce economy;06.01.25 13:39;0;0;en;NO
hatte_2x_besuch;irgendwo im nirgendwo;ES WAREN DEUTSCHE;08.01.25 15:10;2;3;de;NO
HeikeOlga;Niedersachsen emsland;Jetzt noch;08.01.25 16:54;0;2;de;NO
HeinzK_Berlin;no_location;Liste der der aus der in geleakt;08.01.25 19:58;0;0;de;NO
HeinzK_Berlin;no_location;Offenbar auf in Laut Polizei ist am Donnerstag auf der Polizeistation in ein unbekannter Gegenstand explodiert 2 verletzt einer schwer Mehr Details werden nicht genannt;03.01.25 09:55;0;0;de;NO
HerrMayer77;Deutschland;VasiFranco Der selbst ist nicht gefhrlich es ist der Mensch der ihn benutzt Das Messer alleine ist ja auch nicht gefhrlich Sollte man deshalb alle Messer vernichten und verbieten Dann knnten Sie sich ab sofort ihre Brtchen mit dem Lffel schmieren;05.01.25 21:27;0;5;de;NO
Herzblut16;no_location;Du suchst spannende Flirts oder den Partner frs Leben Dann bist Du bei Hits genau richtig Hier kannst du mit interessanten Leuten aus deiner Nhe Flirten Quatschen oder Daten Melde dich Schnen amp GUTEN GELINGEN in 2025 gtgt;09.01.25 14:47;0;0;de;NO
HLlive;Lübeck, Germany;Silvester Polizei bittet um Fotos und Videos Im Behaimring wurden in der Silvesternacht Einsatzkrfte und Passanten mit Pyrotechnik beschossen und mit Bllern beworfen wir berichteten Mittlerweile;08.01.25 15:02;1;0;de;NO
Hooperman19;no_location;VasiFranco Ich bller seit Jahren nicht Aber fr 20252026 mchte ich alles rausholen was geht Vor oder Haus Das wei ich noch nicht;05.01.25 19:53;0;3;de;NO
Hotfogel;no_location;Der mit anzndende luft wie viele andere seinesgleichen in weier flauschiger Oberbekleidung herum wie ein sowas von cleanes Unschuldslamm Aber was hat er im Kopf;04.01.25 21:06;0;0;de;NO
IkbenHansie;'t Gooi, Nederland 🇳🇱 🇪🇺 ;an in;09.01.25 11:00;0;1;en;YES
ilm_ulm;Ulm;Bewilligung unseres ZIMProjekts mit einem innovativen Partner Wir entwickeln ein automatisiertes System zur schnellen Analyse von Hygieneproben mittels LaserSpeckleInterferometrie fr hchste Sicherheit und Hygieneberwachung;09.01.25 09:44;0;0;de;NO
imsimantaa;Jessore, Bangladesh.;About me;08.01.25 15:50;1;0;en;YES
info_bitte;everyplace;ISefati mit sollte es erst wieder geben wenn sich die Verhltnisse in normalisieren wie vor ca 30 Jahren Zwar gabs auch damals gengend rgernisse am Silvester aber keine Gewalt arabischer trkischer und osteuropischer Chaoten wie im Jahre 2024;04.01.25 22:21;0;0;de;NO
info_bitte;everyplace;Die ist um den Datenschutz bemht warum die der 406 nicht verffentlicht werden Doch ALLE und SzeneKenner wissen da die meisten Festgenommenen an ein haben;08.01.25 21:33;0;1;de;NO
info_bitte;everyplace;Attalah Younes schoss in Kinderzimmer festgenommen Kaum vorstellbar da man den Typen festgenommen htte wenn nicht das Rechtsbewusstsein der vielen Millionen Menschen in die Behrden zum Handeln gezwungen htte;04.01.25 19:45;0;1;de;NO
infos_unter;Rostock;Polizei in Berlin ermittelt nach Verffentlichung von Vornamenliste;09.01.25 07:52;0;0;de;NO
Inga_Ruppender;no_location;Hrte in der in Berlin ArtillerieKanonenschlge Von wem oder was wurde eingenommen Ich fordere fr die Zivilbevlkerung fr kommende Jahreswechselfeiern;05.01.25 11:45;0;0;de;NO
inhortas;no_location;Auf gilt nach Brot als Hauptnahrung Interessant denn die Insel ist auch fr ihre vielen Hundertjhrigen bekannt Ist das Geheimnis der in den Vielleicht auch das ErdofenSpanferkel;09.01.25 09:09;0;1;de;NO
IrisRoder42813;Ravensburg, Baden-Württemberg;So erhlt man die Arbeitskraft;09.01.25 09:46;2;9;de;NO
Ithiliya;Niedersachsen;Eine Petition fr ein in ganz Deutschland;08.01.25 23:00;0;2;de;NO
jannikkel6;Berlin;bei Abrissarbeiten an in gefunden ber updayDE gesendet;08.01.25 11:17;0;0;de;NO
JKasek;Leipzig;Die Debatte zum Verbot von gibt es in auch schon ein bisschen Der Stand zur Umsetzung seitens der Stadt ist hier nachlesbar;06.01.25 13:54;0;0;de;NO
Joffrey77855104;Next to them `ol barn;Letztes Jahr deutete sich schon an da das Imperium in Neuklln gewinnt Dieses Jahr hat das Imperium gewonnen;03.01.25 17:20;1;12;de;NO
johannesl98;Leipzig;Nicht die sind schuld dass sich in Berlin wieder einige Zuzgler nicht benehmen konnten Und wohlgemerkt hab ich wie jedes Jahr nicht einen Cent an verschwendet Aber ein Verbot weil sich bekannte Personengruppen nicht benehmen knnen;03.01.25 12:57;0;0;de;NO
Juergen_Fritz;Hamburg;jreichelt 1453 registrierte die Polizei in 670 Verdchtige wurden gefasst Knapp 40 sind 60 haben auch einen dt Pass Von diesen 60 Deutschen haben laut 23 ebenfalls einen;09.01.25 07:31;2;7;de;NO
Ka_Meier;no_location;Neujahrsempfang bei d Was hngen bleibt der MP hatte am Bu u Bettag Besuch von einem freiberuflichen Vertreter d SachsenEnergie u d OB htte es eigentlich gut gefunden wenn d explodiert wre weil dann d schneller weg wre;09.01.25 19:31;1;4;de;NO
kainsider;Karlsruhe;Ein Silvester wie das vergangene braucht niemand mehr;09.01.25 14:55;0;0;de;NO
KaiserfrontFan;Hamburg;berlinerzeitung GdPHauptstadt Ich glaube nicht das die das Problem sind Das Problem ist ein Anderes und ein gewisser hat auch bereits eine Lsung angeboten die von einigen Leuten aus der bernommen wurde;03.01.25 20:06;1;5;de;NO
KaleuDer;no_location;nikschrader So vorhersehbar Das Skandal sind natrlich nicht die Idioten die an in einen Kriegsgebiet verwandeln sondern wie immer bei Linken die Polizei polizeiberlin;09.01.25 08:54;0;2;de;NO
KappaAlphaPhi;no_location;What really happened on at Port were fired Children were crying;09.01.25 15:56;0;0;en;NO
KathaCMueller;#wirsindmehr #fckafd;Ebolavirus kann die Haut durchdringen via WEBDENews rkide;09.01.25 12:36;0;0;de;NO
KEPodcast;no_location;In unserer neuen Episode geht es um das Thema und hrt doch mal rein;04.01.25 15:54;0;0;de;NO
KH82865104;Deutschland ;Mir stellt sich die Frage warum diese in oder verkauft werden drfen Diese Lnder gehren auch zur Machtwort zum Thema Bllerverbot Scholz findet es irgendwie komisch via WEBDENews;04.01.25 14:17;1;3;de;NO
KH82865104;Deutschland ;dg16593 BirgitKelle polizeiberlin Am 0301 habe ich mit einem Polizisten ber geredet und er hat genau diesen Satz gesagt den ich im ersten Post geschrieben habe Wir haben nicht ber Grnde geredet Er sagte noch in Berlin wre das normal was bei uns in Bayreuth unmglich wre;09.01.25 12:36;0;0;de;NO
KlartextRM;no_location;Immer wenn du denkst die Wahrheit siegt am Ende doch kommt irdendwo ein Systemling daher und macht jagt auf die welche der Wahrheit sprechen;09.01.25 09:16;1;0;de;NO
KontraA64;no_location;Ich hoffe das das 20252026 verboten ist;07.01.25 09:04;0;0;de;NO
Krampfader15188;no_location;Sag Bye zu Krampfadern Entdecke das ungewhnliche Mittel das berrascht und wirkt Erlebe gesunde Beine;08.01.25 18:27;0;0;de;NO
Krampfader26429;no_location;Entdecken Sie das geheime Wundermittel gegen Krampfadern berraschen Sie sich selbst mit wirksamen Ergebnissen;08.01.25 19:24;0;0;de;NO
Krampfader33112;no_location;Entdecken Sie das erstaunliche Geheimnis gegen Krampfadern Unser innovatives Mittel berrascht mit wirkungsvoller Hilfe Jetzt ausprobieren;08.01.25 19:13;0;0;de;NO
Krampfader43765;no_location;Entdecke das Geheimnis gegen Krampfadern Unsere innovative Lsung wirkt schnell und effektiv berzeuge dich selbst;08.01.25 18:40;0;0;de;NO
Krampfader60870;no_location;Entdecken Sie das berraschende Geheimnis gegen Krampfadern Ein effektives Mittel das Ihre Beine befreit Jetzt mehr erfahren;08.01.25 19:13;0;0;de;NO
kundry1983;Frankfurt;Lachen verndert alles via YouTube;09.01.25 00:42;0;0;de;NO
LabetzkeMichael;Bremerhaven;Angesichts ber einer Million Unterzeichnerinnen ist klar Das Bllerverbot muss kommen Und kommt mir nicht mit Tradition oder anderen Ausreden Petition DieGruenen PolizeiGruen BDKBund GdPPresse;05.01.25 18:44;1;4;de;NO
LaLobaHH63;Hamburg;Bei uns in der Umgebung wohnen viele verschiedene Kulturen Die jungen sind meist in Gruppen unterwegs Die n sind dabei meist in der Unterzahlt passen sich den Mnnern mit MiHiGru an bernehmen deren AnsichtenVerhalten Das ist nicht immer gut;08.01.25 12:25;0;0;de;NO
Lana_Grace_18;no_location;Gute Idee;06.01.25 17:37;0;7;de;NO
LandesEchoPrag;Prague;Im Gegensatz zu Deutschland gab es keine Toten aber auch in Tschechien verletzten sich Menschen durch Bller in der Silvesternacht zum Teil schwer Die Luftverschmutzung durch Pyrotechnik sprengte alle Rekorde;04.01.25 20:19;0;0;de;YES
Leo_Deutscher;Deutschland 🇩🇪;MOIN Habts ein schnes 1 Wochenende 2025 nach diesem etwas unschnen Start ins neue Jahr nein danke;04.01.25 11:11;0;0;de;NO
Leo_nie_Bruder;Lateinamerika ist auch schön;FrauHodl GdPHauptstadt dpa Tagesspiegel tagesschau ZDF FunkeBerlin WELTAMSONNTAG RTLcom sat1 berlinerzeitung SZ macht sich unfreiwillig zum einer en Agenda ist nicht das Problem sondern in den Hnden der der Das wird Ihre nicht morgen nutzen sie evtl bereits schwere Abhilfe geht anders;05.01.25 16:11;0;4;de;NO
Leo83084272;no_location;via YouTube Ich distzanziere mich explizit von dem Kanal der anscheinend der AFD zugewendet ist;04.01.25 10:51;0;1;de;NO
levlupde;Göttingen;Immer eine gute Alternative;09.01.25 14:57;0;3;de;NO
lieberHeinrich;no_location;PurgeDay in;08.01.25 17:32;0;0;en;NO
LINKE_KV_OF;no_location;Die Forderung nach einem unbezahlten ersten Krankheitstag ist eine Frechheit und Teil des Klassenkampfs von oben Wenn ihr nach unten tretet boxen wir nach oben;09.01.25 10:35;3;7;de;NO
Lodenstwitt;Ore Mountains;Also ich frage mich schon wie die da hin gekommen ist bei der in niemand sonst Lag die in der oder im zur Das wird irgendwie gar nicht besprochen;08.01.25 23:11;1;2;de;NO
LotharUlsamer;Esslingen, Baden-Württemberg;Das SilvesterRitual Tote Verletzte Brnde verngstigte Tiere Feinstaub Politik drckt sich um ein Bllerverbot;05.01.25 17:44;0;0;de;NO
LSJonline;Bayern;Mit ber einer Million gesammelten Unterschriften hat der Vorsto fr ein Bllerverbot bereits groe Resonanz gefunden Alles dazu in den Nachrichten im LSJonlineMittagsmagazin;06.01.25 12:00;0;0;de;NO
lud_nrw;NRW / Germany;Die SALTED die die Welt beenden knnte;03.01.25 15:34;0;1;de;NO
lufticus;Immer bei Dir;MOstermann Es ist keine Lsung aber wir kommen nicht umhin die Polizei vorerst zu schtzen Das Problem als solches ist ein multiethnischer Konflikt der zum Krieg fhren kann Deswegen braucht man unbedingt eine prakmatische Regierung welche die Gefahr erkennt und bannen kann;07.01.25 07:50;0;1;de;NO
M4xPeen;no_location;Welten zwischen und Schlimmster Datenleak seit der Bekanntgabe der Vornamen vom Sylter Sngerverein;09.01.25 20:50;0;1;de;NO
M4zzing4;🎥 in Macht deiner Gedanken 🎥;ngste loslassen Entdecke wahre Strke und Freiheit;09.01.25 07:51;0;0;de;NO
MacChillB;Berlin;will das der Staat alles regelt kein individuelles Recht auf mehr nur noch der Staat darf dann Feuerwerk machen SOZIALISMUS IST SCHEISSE;08.01.25 07:18;0;0;de;NO
Madame1963;Thüringen;Ah Scholz findet also dass Tierleid Umweltverschmutzung Lrmbelstigung und Verletzungen durch Bller komisch sind Fr mich sind das schwerwiegende Argumente fr ein Verbot Aber was wei ich schon;05.01.25 16:28;0;0;de;NO
mahmoud_hamdy45;no_location;Explore Abu Dhabis rich traditions and modern vision with the Department of Culture and Tourism at AIM Congress 2025;06.01.25 08:42;0;0;en;NO
MarcelAuermann;Berlin;um Zentrale auf;08.01.25 11:59;0;0;de;NO
marillion13;Baden-Württemberg, D;Ich hab auch die Petition von der Umwelthilfe bereits unterzeichnet und auf X und Quora gepostet erschrecken Haus und Wildtiere und verursachen eine Menge Aussto DasErste Bundeskanzler;06.01.25 13:05;1;1;de;NO
marillion13;Baden-Württemberg, D;von wer wie ich kein Handy hat kann hier ber ein abstimmen Ich wre dafr in vielen anderen Lndern ist privates strikt verboten DasErste;06.01.25 13:02;1;1;de;NO
Marion144581840;no_location;Schon ber 450000 Stimmen fr ein;03.01.25 23:20;0;1;de;NO
massageportal24;Basel Schweiz;Massageportal24 Anbieter Eintrag erstellen usw;09.01.25 19:33;0;0;de;YES
MaxeBauman8205;Deutschland;schlgt vor zu dafr zentralegesteuerte zu ttigenUnd wieder diktiert unser ffentliches Leben Jahrzehntelang ging Silvester gutSeit paar Jahren nicht mehr;08.01.25 12:35;0;0;de;NO
MaximLitwinow;Dresden;Wenn es so eng steht kann es schon mal vorkommen dass zu Silvester beim kein mehr fr brig ist Man spart um am 0905 etwas Butter auf dem Tisch zu haben;06.01.25 14:46;0;0;de;NO
MichaPfahl;Germany;Gesundheitsfachkrfte Tauchen Sie in die Welt der TraumaYogatherapie ein und entdecken Sie wie Yoga und Traumatherapie zusammenarbeiten knnen um Heilung und Wohlbefinden zu frdern;09.01.25 17:31;0;0;de;NO
MiGAZIN;Germany;Polizei soll an rechtes Medium durchgestochen haben Ausschreitungen und BllerExzesse in der Silvesternacht sorgen jedes Jahr fr Diskussionen Diesmal sorgt sie bei der fr Unruhe Hier lesen;09.01.25 21:00;0;1;de;NO
Migrantengewalt;no_location;ulfposh Kein hat einen oder von alleine angegriffen auch nie ein alleine So als fr grne Kleinsthirne;06.01.25 20:38;0;0;de;NO
MollersPaul;no_location;throeng GenuineBY BirgitKelle FraukePetry Dass es das gibt hat niemand abgestritten Aber Sie haben unter Birgit Kelles Post kommentiert in der Absicht abzulenken vom Problem Und das ist nicht nur Und in der Unterhaltung mit Ihnen wurde ua klar dass Sie einseitig die Deutschen verantwortlich machen;09.01.25 12:52;0;1;de;NO
MoosburgTV;Moosburg;Groe Silvesterparty Landshut Fotos Benni Diemer mehr auf Sieh dir diesen InstagramBeitrag von stefanjahnel an;09.01.25 11:01;0;0;de;NO
MoskitoSix27921;no_location;Zahlreiche Brnde durch Familie verliert Zuhause Rund um den Jahreswechsel ist Feuerwehr in zu mehreren Hundert Einstzen ausgerckt Der Schaden durch Brnde geht in die Millionen Feuer Jihad;05.01.25 23:07;0;0;de;NO
Mr__Captcha;Hennigsdorf;BerndFischel Da sie wohl britischen Ursprungs war Arthur Harris did it again;09.01.25 13:16;0;0;de;NO
ms_clueless1;no_location;Das sind doch mal gute Nachrichten wurde verhaftet als er sich vom Acker machen wollte;04.01.25 19:29;0;3;de;NO
mutiarakhrnns;jakarta;Their expertise in driving digital transformation makes them a crucial partner in shaping the future of smart cities and sustainable urban growth;08.01.25 15:35;0;0;en;YES
mykmill;Toronto and NFLD;This is how Germans celebrate Im not even kidding I remember all these fireworks in the street in front of my grandparents home as a kid But watch that video Look at these nutheads running Turn it up Insane Bedlam;09.01.25 04:10;0;1;en;YES
Nadine14037332;no_location;Du suchst spannende Flirts oder den Partner frs Leben Dann bist Du bei Hits genau richtig Hier kannst du mit interessanten Leuten aus deiner Nhe Flirten Quatschen oder Daten Melde dich Schnen amp GUTEN GELINGEN in 2025 gtgt;08.01.25 17:09;0;0;de;NO
NameTakenAussi;no_location;VasiFranco Da können die nichts für;05.01.25 19:10;0;0;de;NO
ndaktuell;Berlin;Der Rohrbruch an der Seestrae lie an in groen Teilen Berlins den Wasserdruck absacken bei Verkehrsteilnehmenden sorgt er nun fr Puls;09.01.25 07:46;2;1;de;NO
nergelian;no_location;Umwelthilfe Wir beginnen zunchst einmal mit einem DUH Verbot oder sorgen erst einmal dafr dass es bei der DUH Personen gibt die bis zur Tapete denken knnen Es gibt auch ein Waffenverbot dennoch gibt es unzhlige Pistolen etc in D brigens hat D auch Grenzen;04.01.25 09:46;0;3;de;NO
Neue_Kosmetik;no_location;Klares Trinkwasser ist der Schlssel zu Gesundheit und Wohlbefinden Ein guter Wasserfilter sorgt dafr dass das Wasser rein bleibt und voller Nhrstoffe steckt genau wie Mutter Natur es wollte Ideal fr die Balance von Krper Geist und Seele;09.01.25 14:55;0;0;de;NO
NeuesAusAlzheim;aus aller Welt;Das fr die Whlerschaft wichtigste Themenfeld zur anstehenden Bundestagswahl Nicht UkraineKrieg nicht 1 mehr oder weniger BIP nicht Arbeitsmarkt sondern und Hier mehr dazu;09.01.25 10:59;0;1;de;NO
NewsTicker360;Mein aktueller Linktipp ;Zur Vermeidung von mglichen politischen wre ein Verbot von wie und durchaus sinnvoll;07.01.25 13:25;0;1;de;NO
niko_mandl;Wildnis;Ich beobachte seit Jahren eine Zunahme der Knallerei an Selbst Naturschutzgebiete Berggipfel und Almen werden gezielt von Feierwtigen augesucht Nicht nur in diesen speziell sensiblen Bereichen sondern berall werden Wildtiere in dieser harten Winterzeit gestrt;08.01.25 13:27;1;5;de;NO
nor_arnold;Berlin;Wer schon mal z B in oder gefeiert hat wei wie frhlich und ausgelassen man auch ohne feiern kann Selbst in ist es nicht so schlimm wie in Deutschland Deshalb;04.01.25 12:43;1;1;de;NO
NordischePost;Germany;Tierische FitnessInspiration Wildtiere aktiv im Januar und Februar;09.01.25 11:46;0;1;de;NO
NordischePost;Germany;Zwei Briefksten durch Feuerwerksraketen beschdigt Polizei sucht Zeugen;09.01.25 11:00;0;0;de;NO
Nordstadtblog;Dortmund;bringt digitale Lsungen fr und Einrichtungen Das Projekt DiPAS st soll Erfahrungsrume der Menschen ausdehnen;09.01.25 11:50;0;0;de;NO
nwnews;Bielefeld;fr 45 Euro Das Geschft das einem Mann aus den Tod brachte luft ber soziale Medien die Ware kann tdlich sein Illegale sorgen bei Sicherheitsbehrden fr Alarmstimmung Und Das Problem wird grer NW;04.01.25 09:18;1;2;de;NO
NZiegeler;Rottenburg;smuep 5 Tote durch alleine an Silvester 2024 Jetzt reichts Bitte die der Gewerkschaft der Polizei unterzeichnen Hier gehts zur Petition;03.01.25 23:07;1;3;de;NO
OberpfalzECHO;NEW-WEN-TIR;Hier haben alle schnell und professionell zusammengearbeitet;09.01.25 14:30;0;1;de;NO
oedpmuenchen;München;sind gefhrlich umweltschdlich und einfach nervig Darum wollen wir das in ausweiten;08.01.25 17:00;1;4;de;NO
Ole1047391;Latvia;Warum sollten Knallkrper verboten werden der Tiere beeintrchtigt;07.01.25 14:31;0;0;de;YES
oloyolo77689;no_location;Wie wre es wenn sich Feuerwerkshersteller bei den Polizeieinsatzkosten beteiligen Selbiges wird von Fuballvereinen gefordert dann sollte es auch fr Pyrotechnikhersteller gelten;03.01.25 11:53;0;0;de;NO
OMonlineDe;Oldenburger Münsterland;Detonation Mann aus wird durch lebensgefhrlich verletzt;03.01.25 12:02;0;0;de;NO
OpenDataBundDe;Köln;Gibt es Daten zur ffentlichen Gesundheit Wo finde ich Infos zu Inzidenzen und Krankenhusern Auf GovData findet ihr aktuell insgesamt 4000 in der Kategorie Schaut doch mal vorbei;09.01.25 11:52;0;0;de;NO
PachT1945;Erfurt-Melchendorf;050125 amp statt das ist geistige via PachT;05.01.25 04:15;0;1;de;NO
PanamaPictures1;no_location;POV Linksautonome beschieen Polizisten am Tag der Rumung in Ltzerath mit Pyrotechnik Foto Christoph Hardt Panama Pictures;08.01.25 22:32;0;0;de;NO
pat4reason;Hamburg;Wenn es die von X nicht gbe wrden Menschen glauben Elektroautos wrden derart explodieren auch ohne darin Welch ein Brendienst des ZDFheute am nur um Zwietracht zu sen Was ein Portal das ZDF doch ist Pfui;03.01.25 16:27;0;0;de;NO
PaulSch72969276;no_location;Transparenz ist also bei der Polizei nicht erwnscht Tatsachen zu verheimlichen aber ja Ali Youssuf Hassan aus der Silvesternacht durchgestochen Berliner Polizei ermittelt intern via welt;09.01.25 02:52;0;2;de;NO
PaulZoeschg;no_location;War da jetzt seit Oktober jeden Morgen nach dem aufstehen drin Kostet viel innere Energie und ab und zu einen Hammer durch das Eis aber es gibt viel zurck echtes Dopamin Fokus Gesundheit;09.01.25 11:25;0;1;de;NO
pbathon12;no_location;Er schoss Feuerwerk in Wohnung Polizei nimmt arabischen Influencer fest Opera News Official;07.01.25 02:06;0;0;de;NO
PerlewitzAndrea;Schleswig-Holstein;Groartig Ich bin wieder so begeistert Auf meiner Seite findest du meine Kontaktdaten fr mehr Infos;09.01.25 09:25;0;0;de;NO
Peter_Ueck;Deutschland;nikschrader Thematisieren Sie lieber warum es diese nur Vornamen sind Halten Sie es zudem fr ein rechtes Vergehen;09.01.25 13:39;0;0;de;NO
peterpatti;Wasserburg am Inn;Arbeitgeber fordern sogar drei unbezahlte Krankheitstage seid ihr noch da;09.01.25 10:11;0;0;de;NO
PeterSchwarz11;Beckingen/ Saar;ist seit anderthalb Wochen vorbei doch der politische Streit zndet erst jetzt so richtig In der Diskussion um ein positioniert sich nun die er greift bei der Gelegenheit den Regierenden Brgermeister Kai 52 an;09.01.25 19:01;0;1;de;NO
PeterSchwarz11;Beckingen/ Saar;Mit vielen Feiernden und groem ist berwiegend friedlich in d Jahr 2025 gestartet Im Hamburger Stadtteil geraten Feuerwehrleute u Feiernde aneinander Die Feuerwehr berichtet von einem Angriff mit Feuerwerkskrpern;05.01.25 16:02;0;0;de;NO
PishnurgPumm;no_location;Schon wieder;08.01.25 18:29;0;1;de;NO
Pixelnase;Frankfurt;Es hatte schon seinen Grund dass auf den Feuerwerkskrpern Verkauf nicht an Minderjhrige draufstand Dieses neue Klientel hat nicht mehr Gehirnzellen als ein 5jhriges Kind;05.01.25 18:43;0;0;de;NO
PolitikDMitte;no_location;Das der Linke nikschrader hier ein vollkommen falschen Schwerpunkt setzt treibt weitere Menschen direkt in die Arme populistischer Parteien Der Datenschutz der hier eventuell sogar gewahrt wurde ist den Menschen hier vollkommen egal;08.01.25 23:08;0;0;de;NO
pommesfritz60;NRW;Natrlich hat wieder nix mit nix zu tun;09.01.25 08:18;0;2;de;NO
pp_gesundheit;no_location;DIOSynVax grndet neues Beratungsgremium um die klinische Entwicklung seiner NextGenImpfstoffe gegen Grippeerkrankungen einschlielich Vogelgrippe voranzutreiben via presseportalch;09.01.25 17:34;0;0;de;NO
prodidgeridoo;Luzern, Schweiz;Schlafposition;09.01.25 08:20;0;1;de;NO
Prostatiti18042;no_location;Leidest du unter Prostatitis Entdecke die berraschende Lsung die dein Leben verndern kann Lass dich nicht lnger einschrnken;08.01.25 19:25;0;0;de;NO
Prostatiti20379;no_location;Leidest du unter Prostatitis Entdecke das berraschende Mittel das dir Linderung bringt berzeuge dich selbst;08.01.25 19:29;0;0;de;NO
Prostatiti30053;no_location;Sagen Sie der Prostatitis den Kampf an Entdecken Sie unser berraschendes Mittel das Ihnen schnelle Linderung verschafft;08.01.25 18:39;0;0;de;NO
Prostatiti56000;no_location;Sag Prostatitis den Kampf an Entdecke unser berraschendes Mittel das wirklich wirkt Schluss mit Beschwerden;08.01.25 18:55;0;0;de;NO
Prostatiti66283;no_location;Entdecke das unerwartete Wundermittel gegen Prostatitis Sag Tschss zu Beschwerden und geniee wieder das Leben;08.01.25 18:56;0;0;de;NO
Prostatiti67117;no_location;Entdecke das berraschende Mittel gegen Prostatitis Erlebe neue Freiheit amp Lebensqualitt Lass dich berraschen;08.01.25 19:27;0;0;de;NO
Prostatiti68669;no_location;Entdecken Sie das berraschende Mittel gegen Prostatitis Natur pur und voller Energie Erleben Sie Linderung auf eine neue Art;08.01.25 19:52;0;0;de;NO
Prostatiti68686;no_location;Sag Tschss zu Prostatitis Entdecke unser berraschendes natrliches Mittel das wirklich wirkt Jetzt mehr erfahren;08.01.25 19:42;0;0;de;NO
Prostatiti89991;no_location;Entdecken Sie das revolutionre Mittel gegen Prostatitis berraschende Wirkstoffe fr Ihre Gesundheit einfach effektiv und natrlich;08.01.25 18:51;0;0;de;NO
publizistikon;MünsterNRW 🇩🇪;Anspruch und Wirklichkeit in In kommt es zu bergriffen auf junge Frauen durch Nordafrikaner wie in war die Neurechte nicht als Bollwerk gegen die unkontrollierte Migration angetreten;08.01.25 20:09;2;14;de;NO
PYRO_STAFF;no_location;Nico Bengalfeuer von Norma;08.01.25 12:53;0;0;de;NO
QPark_DE;no_location;Fliegerbombe in Dresden ab 9 Uhr Entschrfung Bis 900 Uhr mssen alle Personen das Sperrgebiet verlassen Das Sperrgebiet betrifft ua alle drei QPark Objekte Altmarkt Frauenkirche Neumarkt Haus Postplatz Vielen Dank und bleibt sicher;09.01.25 07:49;1;3;de;NO
rdntzd;Stillruhtder See;GdPHauptstadt dpa Tagesspiegel tagesschau ZDF FunkeBerlin WELTAMSONNTAG RTLcom sat1 berlinerzeitung SZ Schade eigentlich dass wir uns immer weiter einschrnken mssen Vieles was vorher kein oder nur ein kleines Problem war geht jetzt pltzlich nicht mehr Jetzt nimmt man den Menschen ihr Schweizer Messer weg das nie fr einen Angriff verwendet worden wre;06.01.25 09:33;0;0;de;NO
realteslahan;no_location;Silvester Warschau vs Berlin;08.01.25 14:14;0;1;de;NO
Redwind_4kj;Liverpool;Future Transformation joins AIM Congress 2025 to inspire progress and empower industries with transformative insights;05.01.25 06:10;0;0;en;YES
ReinerAberJa;Weltoffen;Fokus auf illegale ist nicht zielfhrend Auch legale Bller sorgen jedes Jahr fr tausende panische Tiere schwere Verletzungen starke Luftverschmutzung und tonnenschwere Mllberge Wir brauchen ein generelles Link;03.01.25 12:14;0;3;de;NO
rej0hn;Dortmund;derspiegel regulation wre hilfreicher als ein verbot das gilt fr und gleichermaen;06.01.25 15:59;0;2;de;NO
Rembrandt1405;Rembrandt0514@s🅾cial.ano❌inon;Robby68142735 hier kann eine gegen unterschrieben werden;04.01.25 18:00;7;13;de;NO
Rosenblumen0;Niedersachsen;Studien zeigen dass Cannabis bei der Behandlung von chronischen Schmerzen eine effektive Alternative zu herkmmlichen Schmerzmitteln darstellt Mehr als 60 der Patienten berichten von einer signifikanten Schmerzlinderung;08.01.25 23:46;8;40;de;NO
Ruby22Mm;no_location;Hallo;09.01.25 13:50;2;37;en;NO
RussellsTeaP0T;Schönste Ecke Deutschlands.;Ein bundesweites Bllerverbot findet unser komisch Wann verschwindet dieser Clown endlich von der politischen Bhne;05.01.25 11:07;1;4;de;NO
Sabeth_Pademira;Hamburg;Man frage sich wer aus welchen Grnden diesen kostenintensiven strenden Krach Lrm und Mll braucht will thread;07.01.25 12:19;0;0;de;NO
Sabeth_Pademira;Hamburg;Nein ich sehe darin Silvester bzw Bller Lrm Mll Gestank Betrunkene siehe bei sogen Volksvergngen keinen Spa schon gar keine Freude absolut nichts Wohltuendes Schnes Erfreuliches;07.01.25 12:21;1;0;de;NO
Saltytrees;Mölln;dennochberlin kaiwegner NancyFaeser Bundeskanzler Luft Jetzt gibt es kein Wegducken mehr Schluss mit dem alljhrlichen Silvesterterror;09.01.25 14:18;0;1;de;NO
SandySand5;Deutschland;Dmlicher geht immer;05.01.25 20:49;0;1;de;NO
sarita19sarita;no_location;Sky Kurtz will share how Pure Harvest is driving sustainability in agriculture at AIM Congress 2025;04.01.25 09:25;0;1;en;NO
saschaboettcher;Heidelberg;New Years Fireworks in;07.01.25 16:50;1;2;en;NO
Scalpdate;no_location;Long SYSTEMUPDATE;08.01.25 11:00;0;0;en;NO
schlorian;Zürich;Alles hat auch gute Seiten;06.01.25 09:41;0;1;de;YES
schoeneswetterc;no_location;Schlagzeilen 8 Januar 2025 Grne Trume Sind es jetzt schon 2 Millionen Befrworter fr ein Bllerverbot Das wir unkontrollierbaren Migranten zu verdanken haben Hat das Ganze einen weiteren Hintergrund Hat man Angst vor;08.01.25 08:35;0;2;de;NO
schwabe_willi;no_location;GdPHauptstadt Hey GdP Berlin GdPHauptstadt wenn ihr euch sooo wichtig macht mit Petition Denkt mal drber nach;06.01.25 14:56;0;0;de;NO
Sihooo_DE;no_location;Sihoo Gesundheitsratgeber Richtige Sitzhaltung der Sihoo Brostuhl hlt Sie energiegeladen Lesen amp Nachdenken frdern Ihre geistige Gesundheit Einfache bungen fr Krper und Geist im Einklang;09.01.25 13:36;0;0;de;NO
SingleLebenDe;Deutschland, Germany;faznet Vielleicht sollten wir mal nach der Ursache fragen wurde frher weniger Feuerwerk produziert und verkauft oder sind Feuerwerks Schtzen verantwortungsloser geworden Es sollte in Deutschland jedes Problem mit einem Verbot gelst werden;06.01.25 22:10;0;0;de;NO
SiSeidler;Berchtsgodn;nikschrader und dann muss man sich ja noch vor Augen halten dass es prozentual viel weniger Auslnder als Deutsche bei uns gibt die wiederum aber in der Statistik viel mehr Straftaten begehen Das kann man sich auch nicht mehr schnrechnen Auch keiner der;09.01.25 12:21;0;1;de;NO
sladade;Dresden;In Dresden standen gerade 14 Strassenbahnen zwischen dem Hauptbahnhof und der Lennstrasse im Stau;09.01.25 10:22;2;22;de;NO
sMoony248756;Ansbach;jetteniz httest deinen Tweet nicht lschen mssen Ich fand ihn mehr als Zutreffend Mnner die sich ihre Hnde wegsprengen knnen definitiv sich nicht mehr an Frauen vergreifen Allen toxischen Mnnern wnsche ich das von Herzen;04.01.25 18:29;0;0;de;NO
steffan_nethe;Hamburg;DrKissler Sie sollten in erstmal alle 40 der ohne dt Pass abschieben bevor wir sie fr immer an der Backe haben;09.01.25 07:55;1;27;de;NO
steffi2105;no_location;Ich habe soeben die Petition fr die Kampagne Bundesweites Bllerverbot jetzt unterschrieben Gehe jetzt auf falls du auch die Kampagne untersttzen willst;07.01.25 14:39;0;4;de;NO
SteffiD;Bremen;Passt zu Im TeslaWerk in Grnheide machte der Fabrikleiter im Sommer Hausbesuche bei krankgeschriebenen Mitarbeitern um mgliche Blaumacher zu entlarven SZ;09.01.25 08:26;0;0;de;NO
StopMeat;no_location;Tote Menschen und Tiere ausgebrannte Wohnungen durch Bller an es reicht Bitte unterzeichnet und teilt die Kampagne Bundesweites Bllerverbot jetzt und lasst uns Druck auf die Politik machen;05.01.25 13:57;0;7;de;NO
SunnyShiny4321;no_location;Aluminium in Kinderimpfungen Eltern aufgepasst Aluminium in Kinderimpfungen enthalten rzte scheinen nicht informiert zu sein Steht ein fr unsere Kinder Ganzes Video hier;08.01.25 19:52;0;0;de;NO
Sususakura91;Kassel, Hessen;Mchtest du mehr Freizeit oder einfach nur etwas dazu verdienen;08.01.25 18:48;0;0;de;NO
SWPde_bot;Ulm;bei Weienhorn Pferd geht nach durch und schleift 85Jhrigen mit;04.01.25 17:50;0;1;de;NO
T18Luis;no_location;At AIM Congress 2025 learn how realtime finance is transforming industries and unlocking new possibilities;05.01.25 11:28;0;0;en;NO
TARIX896309;no_location;Ja klar und bei Sylt sind alle Namen verffentlicht worden ihr wollt uns doch echt Verarschen;09.01.25 11:00;0;0;de;NO
TeenaAusM;no_location;Umweltbewusstsein als Strke Wusstet ihr dass faire Produktion nicht nur die Natur schtzt sondern auch die Gesundheit unserer Kinder Lasst uns die Verantwortung fr unsere Zukunft bernehmen;09.01.25 15:51;0;1;de;NO
thetruthonex;no_location;BettinaJarasch Wer zuknftig sicher feiern mchte und gesund ins neue Jahr starten mchte Sollte aus Sicherheitsgrnden die whlen Nicht die sind das Problem was das Problem ist muss jeder gesunde Mensch mit gesunden Verstand selbst erkennen Die AfD ist;06.01.25 21:54;0;2;de;NO
thomas_9778;no_location;SilvesterAusschreitungen Migrantische Mnner Mchten Menschen zu Opfern machen jetzt herunterladen;08.01.25 22:17;0;0;de;NO
thomas_hocke;Berlin;Nach der Der irgendwie komische Herr Kommentar;08.01.25 19:18;0;0;de;NO
tk38548;Deutschland;Meinet wegen verbietet ihr Fahr ich hal nchstes Jahr ins Ausland znde da Feuerwerk und poste berall wie wunderschn doch das Ausland im Vergleich zu kack Deutschland ist;06.01.25 12:03;0;0;de;NO
tobiasteich_by;no_location;Nennt die Vornamen;09.01.25 12:19;0;0;de;NO
TomSchnee2;In der Nähe von Essen.;Er gehrt zu den Einsatzkrften und redet Klartext auch in Richtung politischer Entscheidungstrger An sind Einsatzkrfte von und Hilfsorganisationen massiv mit angegriffen worden;07.01.25 16:43;0;0;de;NO
tonald_dru14202;Franken;07user Nicht die sind das Problem So lange das nicht eingesehen wird finden diese Bestien immer wieder irgendwas um es den um die Ohren zu schlagen Wie naif seit ihr eigentlich Ist es euch lieber wenn dann nur noch durch die Nacht fliegen Es ist;04.01.25 13:13;0;0;de;NO
toottenhagn;Schweiz;Da wird gegen die Falschen ermittelt Ermittelt lieber gegen jene die Wahrheit unterdrcken wollen Wahrheit ist Demokratie Zensur und Propaganda Diktatur;08.01.25 22:27;0;0;de;YES
Transkanzler;Silicon Valley;Alle Jahre wieder Komisch;05.01.25 10:20;1;1;de;YES
trendingsurf;no_location;01062025 Whats the Hottest movie in Germany of News amp Politics Berlin360 Check out the REAL YouTube trends here;06.01.25 10:30;0;0;en;NO
true_cyprian;no_location;Permanente Verbote bringen keine Lsungen;07.01.25 21:56;0;0;de;NO
tsb426yvff;Hessen;Vermutlich haben Frau Faeser und Herr Scholz den Bezug zum echten Leben verloren spdde;07.01.25 10:27;0;0;de;NO
tvberlin;Berlin;Brandenburger Innenministerin Lange bezeichnet als Scheinlsung gegen Dobrindt durch Nachrichten auf tvberlun uter;07.01.25 18:00;0;0;de;NO
ua_nachrichten;Kiew, Ukraine;Klitschko besuchte das Titanium Rehabilitationszentrum und trainierte verwundete Soldaten;09.01.25 15:06;0;0;de;NO
UlrichManns;no_location;Ich bin fr ein Verbot Dann kann da auch nichts mehr passieren;06.01.25 14:34;0;1;de;NO
unkrautladen; Burger Strasse1 03096 Werben;Unkrauttrunk zu Gast beim Kruterklatsch im Spreewald;09.01.25 12:36;0;1;de;NO
UweJelting;Ostfriesland;Es wird immer absurder Bllerfhrerschein;09.01.25 07:48;0;1;de;NO
VeronikaWedya;Sidoarjo, Jawa Timur;Discover how realtime financial strategies are transforming business landscapes and creating limitless opportunities XRP;05.01.25 11:23;0;0;en;NO
ViperV111;no_location;Wer htte das gedacht Und worber wird diskutiert ist Lebensfreude Darum Berlin Fast 40 Prozent der SilvesterTter ohne deutschen Pass;07.01.25 00:36;0;2;de;NO
von_palme;no_location;Jeder Berliner auch der komplett Grnverwahrloste wei wer den Straenterror jedes Jahr an verbreitet Die grnverwahrloste Politik jault kurz auf und das war es dann Leute geht whlen via welt;09.01.25 10:18;0;2;de;NO
Walter_G__;Bayern;welt Es soll also vertuscht werden die in strafbar;08.01.25 22:04;0;2;de;NO
Weber_AfD;Paderborn;Die meisten Silvesterjihadisten in Berlin hatten einen arabischen Vornamen Wie kommt das blo Ich dachte alle Menschen seien gleich Deutsche machten das doch auch und nur ein Bllerverbot knnte uns helfen;09.01.25 09:10;0;0;de;NO
wellpresso;Impressum:;In den letzten Jahren hat die globale Landschaft eine faszinierende Verschmelzung von zwei transformierenden Trends erlebt dem Aufstieg von und der anhaltenden Popularitt von;09.01.25 13:27;0;0;de;NO
WissenWerteWand;no_location;Kritik am Krankenhausgesetz Gelder fr falsche Projekte;09.01.25 08:05;0;3;de;NO
Witcher__77;Germany;nikschrader Vuelleicht hast Du wrtlich den Knall nicht gehrt Daher fliegt die Linke am 2302 aus dem BT;09.01.25 08:14;0;2;de;NO
wn24aktuell;Wiener Neustadt, Österreich;Wiener Neustadt Kostenlose Beratung fr sehbeeintrchtigte Menschen Angebot der Hilfsgemeinschaft der Blinden und Sehschwachen sterreichs;09.01.25 16:12;0;0;de;YES
wochenblattnews;Aulendorf;Neue Lasertherapie revolutioniert die Behandlung der Prostatavergrerung;09.01.25 13:27;0;1;de;NO
wochenblattnews;Aulendorf;Waldseer Stadtsee wird zum Schauplatz der Nachlssigkeit;04.01.25 16:27;0;0;de;NO
wochenblattnews;Aulendorf;19 Millionen Menschen fordern Bllerverbot;06.01.25 19:41;0;0;de;NO
Wollihood;no_location;Viele reden nach in vom Rechtsstaat und fordern die volle Hrte dessen Wie das dann in der Realitt aussieht zeigt meine Anfrage zu den Verurteilungen nach den Krawallen der letzten beiden Jahre Kein einziger Tter in Haft und zig;08.01.25 14:14;1;3;de;NO
wyschilgod2019;no_location;an 10000 im betroffen 08 Januar 2025 1816 Uhr;08.01.25 18:24;0;0;de;NO
xSaxtoniX;Deutschland;Die Geschehnisse in Berlin zu Silvester noch mal in ein Video;08.01.25 16:40;1;5;de;NO
Yoga_Therapie;Papenburg;Spirituelle Ursache deiner Blockaden lsen Lesen Wie du mit ChakraMeditation deine Emotionen reinigst und blockierte Lebenskraft frei setzt Lesen;09.01.25 09:45;0;0;de;NO
YohanYorn;Freiluftklapse ;Das waren bestimmt die fiesen;06.01.25 11:58;0;2;de;NO
Zecory6569;no_location;Der Staat hat keine Kontrolle darber wer sich hier aufhlt und Warum Kugelbomben und Polizeipannen nicht unser Hauptproblem sind Hier sind Leute unterwegs die uns verhhnen und verspotten;08.01.25 12:54;0;0;de;NO
ZeugeZ;no_location;welt polizeiberlin Hat die polizeiberlin alle amp von etwa schon Oder sind es soviele das eine beim kein Sinn macht Und sie deswegen lieber in ermitteln;08.01.25 22:47;0;2;de;NO
zinskritik;Deutschland;patkaczmarczyk Das erste wo gekrzt werden sollte wren die sinnlosen Rstungsausgaben Aber unsere werten Politik krzen immer da wo es Not tut;08.01.25 22:48;0;0;de;NO
Zweitversuch;Germany;GdPHauptstadt dpa Tagesspiegel tagesschau ZDF FunkeBerlin WELTAMSONNTAG RTLcom sat1 berlinerzeitung SZ Weil ihr Saftnasen unfhig seid kommt ihr mit Verboten Schade dass man Dummheit nicht verbieten kann Berlin Fast 40 Prozent der SilvesterTter ohne deutschen Pass;06.01.25 23:25;0;0;de;NO
berlinerzeitung;Berlin;Ibrahim M. soll #Bšller auf Polizisten geworfen haben â€“ vor mehr als drei Jahren. Von schnellen Strafen und konsequentem #Rechtsstaat kann keine Rede sein. https://t.co/pjcc4tnZKj;14.01.25 07:34;17;56;de;NO
fragmentiert;Hannover;"#Bšller verletzt neun #Menschen auf #Darttunier ! Obwohl #Silvester vorbei ist entfacht der #Vorfall die #Debatte Ÿber ein #Bšllerverbot neu !! https://t.co/mfPZHrhJ4u""";13.01.25 18:14;0;4;de;NO
HobergCarsten;no_location;"Aha, #Chinesen machen kein #Feuerwerk und haben keine #Bšller, weil sooooo umweltfreundlich! ps: Es handelt sich um das westliche Neujahrs-Datum, das chinesische mit mehrstŸndigem Tagesfeuerwerk (qualmende Raketen) kommt noch. https://t.co/mvGRPgn2Ng""";13.01.25 13:45;0;0;de;NO
wochenblattnews;Aulendorf;"Bšller-Angriff auf Wahlhelfer in Hochdorf #Biberach #Bšller #Bundestag #Hochdorf #Knallkšrper #KriminalitŠt #Partei #Wahl https://t.co/Z4ZmGQn4qD https://t.co/bFkJC5BCha""";13.01.25 12:38;0;0;de;NO
TAG24B;Berlin;Durch #Bšller schwer verletzt: Spendenaktion fŸr #Berliner Polizisten gestartet. #gofundme https://t.co/h6osfNPXSy;12.01.25 18:25;1;1;de;NO
AnjaMarkm;Deutschland;"Was sagt die @AfD_FraktionNRW dazu? Ist das gerecht? â Die Landeshauptstadt DŸsseldorf hat keine #Busselder gegen die #Bšller-†beltŠter an Silvester, die sogar in der dicht gedrŠngten Menschenmenge am Rheinufer zŸndelten und knallten, verhŠngt. https://t.co/UdktK0sI9M""";12.01.25 16:21;0;0;de;NO
MaxeBauman8205;Deutschland;"@berlinerzeitung @RicardoLange4 #Silvester wurde schon jahrzehntelang mit #Boeller,#Feuerwerk,usw gefeiert. Nur weil hauptsŠchlich gewaltbereiter #Migrationshintergrund damit Krieg spielt soll eine  Tradition wegfallen? NEIN! Die Hersteller sollten auch zur Pflicht genommen werden die #Boeller leiser zu machen!""";12.01.25 10:19;0;0;de;NO
mousseman;no_location;Seht euch das an - es hat GrŸnde, wieso gewisse #Bšller in der Schweiz eine Genehmigung brauchen..... https://t.co/kQ1qNnQx6E;11.01.25 22:34;0;0;de;NO
marillion13;Baden-WŸrttemberg;"https://t.co/OhqwthXMOF @Umwelthilfe @innn_it @WEBDENews Ich werde am 19. d. M. 54 und hab noch gar nie #Bšller oder #Raketen losgelassen wir hatten frŸher schon immer Katzen und ich hatte WellisÉ @tierschutz_bund @VIERPFOTEN @PETADeutschland @tierimfokus""";11.01.25 16:26;1;1;de;NO
bzberlin;Berlin;"Jetzt doch! Berliner SPD fordert #Bšller-Verbot https://t.co/rvm4H4gtfz""";09.01.25 15:58;8;52;de;NO
Saltytrees;Mšlln;@dennoch_berlin @kaiwegner @NancyFaeser @Bundeskanzler LŠuft! Jetzt gibt es kein Wegducken mehr. Schluss mit dem alljŠhrlichen Silvesterterror! #Boeller https://t.co/yhcCHNmjje;09.01.25 13:18;0;1;de;NO
GoscheUff;no_location;Ich wŸrd ja so nen #Bšller #Bagaluten mal 1 Tag bei den  RettungskrŠften mitfahren lassen,dass die Idioten mal sehen was hier fŸr Arbeit geleistet wird. https://t.co/8RfBCmyDm4;09.01.25 12:18;0;2;de;NO
Weber_AfD;Paderborn;"Die meisten Silvesterjihadisten in Berlin hatten einen arabischen Vornamen. Wie kommt das bloÃŸ? Ich dachte, alle Menschen seien gleich, Deutsche machten das doch auch und nur ein Bšllerverbot kšnnte uns helfen #Silvester #Bšller #Berlin""";09.01.25 08:10;0;0;de;NO
oedpmuenchen;München;"#Bšller sind gefŠhrlich, umweltschŠdlich und einfach nervig. Darum wollen wir das #Feuerwerksverbot in #MŸnchen ausweiten. https://t.co/eTC4QY5um2""";08.01.25 16:00;1;4;de;NO
xSaxtoniX;Deutschland;"Die Geschehnisse in Berlin zu Silvester noch mal in ein Video! #Silvesternacht #Berlin #chaos #Feuerwerk #Deutschlandzuerst #bšller https://t.co/0MlTKOwRcL""";08.01.25 15:40;1;5;de;NO
612Mondkalb;no_location;"Sie lŸgen wie gedruckt #Silvesternacht #Bšller Doppelte StaatsbŸrgerschaft wird nie beachtet . #muhameds https://t.co/NSHr7PbOKd""";08.01.25 11:36;0;0;de;NO
MarcelAuermann;Berlin;"#Debatte um #Bšller-#Verbot: Zentrale #Feuerwerke auf #Steuerzahler-#Kosten? https://t.co/a5YGEx0L46""";08.01.25 10:59;0;0;de;NO
Encilai;Weyhe;"Seit 31 Jahren zum ersten Mal bei diesem #Silvester gesehen, dass es Raketen auch ohne den Plastikstšpsel gibt Warum war das nicht schon frŸher so? Das spart Plastik und ist auch einfacher! #Bšller #Feuerwerk #Raketen""";08.01.25 00:31;0;0;de;NO
DanjaminCraig;no_location;FrŸher war das lauteste an #Silvester der Knall der #Bšller. Heute sind es die Sirenen der #Feuerwehr. Vielleicht sollten wir mal drŸber nachdenken, was hier schief lŠuft.;07.01.25 22:31;0;2;de;NO
DanjaminCraig;no_location;Wenn ich nach einer #Silvesternacht mehr Ÿber #Politik als Ÿber #Bšller hšre, weiÃŸ ich: Die Deutschen haben wieder mal das neue Jahr mit 'ner Runde Diskussion gestartet. 2025 wird also klassisch.;07.01.25 22:27;0;2;de;NO
true_cyprian;no_location;"Permanente Verbote bringen keine Lšsungen. #2025 #bšllerverbot #bšller #raketen #šrr #silvester #chaos #explosion #angriffe #polizei #migration #lšsung #bšllerverbotszonen #schuss #grŸne #cdu #afd #spd #fdp #bŸndnissahrawagenknecht https://t.co/i4EEOfbugA""";07.01.25 20:56;0;0;de;NO
tvberlin;Berlin;"Brandenburger Innenministerin Lange bezeichnet #Bšller-Verbot als ""Scheinlšsung"" #Scholz gegen #Wehretat-Erhšhung #CSU-Landesgruppenchef Dobrindt #AfD-Zuwachs durch #Ampel-Politik Nachrichten auf tvberlun uter: https://t.co/iIUETwyXhJ https://t.co/dbEeTWnNwQ""";07.01.25 17:00;0;0;de;NO
steffi2105;no_location;"Ich habe soeben die Petition fŸr die Kampagne âBundesweites Bšllerverbot, jetzt!unterschrieben. Gehe jetzt auf https://t.co/sgeA4gzR4t, falls du auch die Kampagne unterstŸtzen willst! #Bšller""";07.01.25 13:39;0;7;de;NO
Sabeth_Pademira;Hamburg;"#Silvester #Feuerwerk #Boeller Man frage sich wer aus welchen GrŸnden diesen kostenintensiven! stšrenden Krach LŠrm und MŸll braucht will - thread: https://t.co/VNwc6lVWWS""";07.01.25 11:19;0;0;de;NO
gemusegurke;no_location;"NatŸrlich kommt das System erwartungsgemŠss mit ""Mehrheitlich Deutsche"" #Boellerverbot #Silvester2025 #Bšller Alles Andere hŠtte mich gewundert.""";07.01.25 11:01;0;1;de;NO
;;;;;;;
;;;;;;;
;;;;;;;
;;;;;;;
;;;;;;;
;;;;;;;
;;;;;;;
;;;;;;;
;;;;;;;